Batch3_1Day-T0_combined,Batch3_1Day_Suc-R2-T1_combined,Batch3_1Day_Suc-R2-T2_combined,Batch3_1Day_Suc-R2-T3_combined,Batch3_1Day_Suc-R2-T4_combined
2490,144,563,765,1557
42016,2950,16474,36719,103680
1557,97,673,1274,3001
900,41,161,393,1122
1479,121,671,1336,4732
1150,31,297,1299,6368
921,53,384,686,2116
10385,756,6293,19381,83280
872,43,239,660,1911
323,29,157,249,646
2360,83,306,487,1116
1611,58,269,478,1052
923,65,390,968,3126
758,40,132,225,499
51869,6112,35997,74087,227121
4671,409,2011,4057,10299
3953,151,525,636,1200
35561,926,4672,12926,40956
85,3,33,85,268
1699,95,428,1094,3073
411,18,104,178,501
686,56,321,809,2844
19345,1658,8949,16746,53177
3056,255,1351,2109,5451
4233,304,1399,1907,3751
2233,209,1385,3596,12050
2254,165,910,1501,3855
10134,734,4459,11471,36528
2148,124,432,646,1204
657,30,150,415,1205
16159,865,4989,9413,29748
2300,85,285,575,1222
5299,309,1363,2299,4838
0,0,0,0,0
4991,453,2044,2885,6250
166,9,41,67,184
6826,942,4984,8432,23505
777,49,191,326,645
529,9,54,107,216
109,2,18,37,70
1712,59,213,311,647
3363,125,604,937,1872
2401,171,749,1165,2166
2864,205,1295,2719,7157
601,47,285,675,1816
8691,504,2204,4542,12831
1346,74,307,443,1088
3865,313,1589,2918,7193
2921,249,1250,1983,4731
4679,206,943,2086,6178
1239,55,381,844,2513
522,9,144,228,397
1337,96,505,1040,3366
9421,784,4327,8463,27004
3149,194,715,1122,2198
3157,180,1055,1739,4051
3428,302,1390,1857,3923
10722,877,5020,11383,33489
6955,554,2819,5896,17930
1923,121,520,989,2079
3260,251,1165,1634,3486
2014,170,747,1338,3104
69,3,13,38,57
2680,235,843,1739,4292
1880,75,416,533,1265
0,0,0,1,0
2052,118,462,830,1680
3305,258,1229,1793,3508
2852,180,792,1079,2278
2515,113,425,641,1341
2104,136,574,900,1618
340,34,139,265,639
619,69,328,871,3536
3639,258,1129,1451,3381
2837,170,848,1410,3005
1498,66,329,865,2478
3020,200,846,1310,2753
6794,375,1865,3883,12335
2339,245,1551,3857,13669
2458,151,713,1357,3051
2126,195,916,1559,3350
2938,219,1177,1969,4015
94,5,21,32,96
8753,504,2650,5094,16203
2536,32,164,314,620
3339,196,1122,2193,5567
5756,357,1598,2652,5310
3181,242,1094,1980,4389
2777,205,1026,1841,4071
2672,167,837,1111,2271
1972,158,881,1402,3444
2243,136,521,856,1670
363,34,123,250,792
2085,161,843,1502,3299
1935,168,824,1481,3160
60,1,28,27,62
1854,159,912,1468,3459
1661,79,337,529,1099
2037,145,686,980,2161
1393,90,500,930,2020
1851,158,820,1401,2809
1825,49,266,441,1028
3077,247,968,1604,3437
1626,118,680,837,1892
1973,124,555,1084,2566
2390,214,1004,1553,3602
2067,165,874,1311,3050
2072,184,763,1245,2713
3174,182,732,1132,2777
2343,163,862,1591,3625
1711,73,352,709,1628
1815,92,447,731,1737
2316,150,821,1267,2817
1874,90,340,511,1054
2012,147,774,1290,2609
2158,123,651,1018,2161
122,5,20,36,81
154,3,19,24,54
1947,128,743,1177,2594
1298,58,323,1056,3082
4225,136,771,1459,4092
1343,104,255,608,1404
1863,155,703,1184,3032
1814,105,514,823,1911
1897,103,589,1015,2346
1758,130,619,1178,2561
1792,144,862,1307,3056
1525,151,695,978,2261
1941,153,728,1295,3114
1832,112,548,913,2067
1508,112,603,927,1846
1729,132,657,1111,2634
3266,240,703,942,1887
2535,125,532,737,1721
6522,643,3034,4905,13624
5384,325,1489,3264,10777
1927,163,828,1249,3009
110,12,39,72,178
1619,145,738,1015,2037
1727,120,454,836,1999
1748,100,374,808,1857
1686,180,962,1492,3318
1786,106,541,880,2075
4210,313,1806,3607,10234
2684,258,1237,2184,5391
2129,209,926,1465,3549
1756,133,578,1006,2522
1675,137,680,1110,2499
72,0,17,29,65
1858,169,620,1043,2178
1809,143,651,1128,2836
1193,92,395,735,1703
73,10,41,35,94
1365,29,156,346,999
4063,201,617,994,1956
100,10,25,30,55
1287,65,277,499,1043
1921,141,815,1301,2968
2957,201,792,1344,2722
1659,84,434,900,2121
1881,98,638,1080,2615
91,3,20,15,49
88,1,18,23,44
122,0,4,4,2
162,13,40,48,61
1381,78,484,801,1970
1345,74,99,189,445
1159,75,324,556,1110
1535,127,683,1160,2404
1369,85,252,305,502
1676,91,357,733,1651
1778,125,743,1303,3229
1202,33,147,284,680
2289,174,746,1150,2579
5264,335,1516,2258,4854
67,1,11,39,58
1529,102,381,465,686
31,0,12,1,14
520,19,40,77,181
112,2,17,17,41
1200,40,156,330,628
2526,140,554,872,1738
1778,111,565,906,2331
115,3,7,20,40
1977,115,461,753,1416
189,30,68,86,247
2435,168,864,1430,2972
1661,128,691,1221,2754
1614,169,829,1426,3328
1787,103,401,803,2089
1266,73,239,449,874
3527,260,1193,1857,4131
1817,129,588,1009,2266
1855,349,499,736,1730
1876,137,673,1160,2805
2578,187,671,1057,2018
2068,124,606,1059,2207
2994,288,1604,2964,8263
973,78,229,464,1113
2840,246,957,1123,2581
1884,179,1078,2326,7148
1591,116,539,952,1962
1162,54,288,321,674
4580,198,878,1601,4241
1354,116,542,914,2154
3553,220,1004,1712,3515
1926,74,211,271,451
836,38,185,308,604
1810,122,656,1125,2724
1527,121,550,991,2385
1091,70,169,284,492
1356,78,236,337,635
1299,166,557,887,1980
3244,267,1235,1908,4449
1753,109,561,985,2172
1067,42,170,234,440
1180,55,294,600,1178
868,42,176,206,436
2035,128,704,1310,3119
2113,186,742,1480,2997
110,2,31,29,45
1250,39,166,311,582
1216,70,279,365,816
2582,166,877,1450,3553
767,32,116,204,419
1146,63,270,426,881
1319,92,410,431,906
3476,166,877,1318,3077
985,18,149,249,615
24,0,3,3,12
1141,48,308,359,735
1139,72,227,339,619
1082,52,295,541,1203
1111,57,283,472,845
1510,54,185,420,822
1185,38,91,222,490
1160,129,563,801,1916
1580,132,620,1131,2463
1353,122,567,731,1534
2333,157,767,1218,3212
1593,85,396,631,1574
1024,54,239,327,707
1972,183,800,1226,2731
1202,87,446,889,1915
880,31,111,146,336
1705,91,432,784,1481
1394,73,204,368,655
3490,216,912,1709,3272
2474,167,883,1357,3312
947,63,204,350,839
239,8,37,60,108
2180,162,731,1364,3311
1790,121,570,1007,2261
921,39,109,191,453
2142,181,909,1581,3484
1413,130,629,1061,2763
3643,202,876,1337,2719
1096,53,163,284,484
1006,65,258,340,745
839,49,124,236,584
1062,83,295,343,646
1137,50,170,348,754
1480,87,443,770,1746
1605,88,565,898,1834
910,39,170,174,353
2655,159,795,1836,4989
995,64,218,299,568
1162,47,255,280,568
1291,34,164,266,496
1834,139,689,1050,2424
3327,195,893,1252,2581
1014,48,175,352,739
1135,78,240,351,593
2016,154,735,1313,2854
1149,58,217,337,606
423,25,40,75,174
1059,34,207,274,548
1024,39,93,172,344
1175,80,271,388,788
1791,107,613,1186,2712
64,6,12,22,45
3176,193,611,1006,2060
888,30,185,262,533
1546,123,609,959,2209
1199,72,410,800,1642
993,49,187,257,500
1502,128,552,982,2321
2516,114,641,980,2317
951,75,177,330,589
1421,104,435,665,1439
1408,58,304,617,1467
831,28,97,160,385
721,15,68,108,264
1388,44,196,433,885
1151,52,200,322,622
1062,80,264,371,747
1195,48,187,270,543
4134,319,1320,2243,5135
1130,20,98,204,435
1335,69,334,546,1153
1097,47,162,284,599
1144,102,480,764,1781
2021,112,326,350,558
1046,51,172,263,455
3045,205,1022,1411,3160
1084,31,241,422,923
1293,75,280,519,1102
1085,42,160,314,555
804,63,228,334,742
873,28,132,162,331
1338,82,157,238,391
1320,48,365,810,1717
1085,65,182,336,658
2797,194,832,1355,2787
863,35,148,188,328
914,45,173,229,510
1116,39,135,247,458
943,44,168,242,410
738,55,149,252,434
1130,39,155,300,568
3471,248,895,1254,2863
954,89,346,766,1574
1405,60,355,631,1567
1147,50,167,278,574
1154,73,246,418,875
791,26,170,215,460
984,48,163,272,560
1702,124,622,969,1895
1551,130,631,946,2263
1079,36,183,220,439
1731,176,820,1321,3016
978,48,189,325,761
1206,96,590,1028,2289
1169,52,237,368,793
1071,59,202,342,602
1373,53,220,373,704
2344,104,517,767,1466
716,42,74,154,285
3225,234,863,1333,2872
1805,127,582,937,2252
973,23,228,285,525
704,67,164,313,708
915,37,201,280,524
1115,67,315,494,1087
3535,85,374,744,1462
1211,39,213,327,593
1691,61,175,339,738
2291,160,588,1049,2488
1054,53,216,277,532
797,43,134,215,381
928,48,155,236,441
2040,122,771,1799,5844
1015,48,220,326,541
2333,94,425,821,1725
1666,95,302,430,928
2626,196,1059,1736,3931
1129,47,88,151,310
1798,74,339,714,1573
2291,151,797,1330,3089
886,42,147,263,536
1198,53,275,343,543
10532,671,3410,6277,18366
3289,225,1252,1812,4767
2235,102,545,812,1991
848,60,148,212,438
860,43,183,168,393
822,53,123,173,451
1031,63,205,280,587
770,52,223,338,675
1068,86,357,660,1729
955,64,222,319,547
52,1,4,6,42
694,34,160,225,480
1015,25,171,242,441
972,69,221,328,581
919,58,138,188,364
1263,55,311,793,1594
899,11,33,76,129
883,29,96,190,344
2822,183,957,1739,4340
4511,305,1252,1990,4370
924,35,151,261,490
966,36,165,214,483
3781,286,1237,1879,3983
884,39,162,253,517
1223,86,407,597,1481
1172,83,523,813,1977
880,49,128,220,426
873,48,184,328,561
849,35,168,208,450
864,63,165,232,511
1243,118,537,901,1972
2389,184,972,1558,3952
1950,135,668,1367,3045
1618,185,824,1327,3298
3014,236,758,1195,2525
4388,205,841,1571,3505
966,53,217,311,657
1081,60,189,291,550
1664,24,174,384,943
1147,60,209,391,718
907,20,143,221,500
886,58,193,285,642
1011,77,237,337,708
2838,155,808,1262,2792
918,52,159,218,454
2661,81,409,856,2678
851,29,106,203,399
3790,173,761,979,2092
789,19,131,153,306
987,70,207,296,707
886,52,198,302,557
2417,225,970,1448,3437
1175,83,367,751,1590
1003,45,253,327,732
859,8,93,165,325
78,3,11,9,43
1242,54,180,252,635
912,73,216,306,660
992,50,227,365,666
884,40,151,274,536
1214,38,177,238,447
904,52,213,279,458
777,30,63,122,256
3352,204,1046,1819,3974
3101,196,850,1384,2820
2244,153,749,1277,2942
1238,103,399,670,1564
894,50,173,213,473
924,33,158,213,501
2077,110,549,944,2213
867,45,121,141,266
872,44,166,218,575
1922,149,534,836,1954
3426,272,1303,1845,4221
724,33,117,161,341
4522,213,506,501,653
985,13,76,100,174
842,43,141,273,470
1432,118,599,1029,2153
875,40,182,335,694
835,40,162,219,388
969,36,91,118,182
801,48,153,259,446
1148,58,282,457,988
66,9,47,31,69
2099,130,769,1331,3071
596,72,322,291,684
961,46,149,199,434
927,49,178,261,550
1467,91,456,666,1625
1340,170,514,717,1550
1097,48,122,256,426
1613,67,332,548,1399
990,50,130,231,386
746,35,203,244,544
875,33,149,193,414
2018,82,238,329,569
1267,37,117,195,527
908,31,178,228,542
830,18,71,147,266
1821,92,474,784,1689
2217,165,647,991,2033
1771,82,453,743,1710
1056,35,146,271,504
671,9,101,126,262
3520,242,951,1527,3434
853,31,275,265,571
799,38,153,248,523
2038,102,322,352,546
813,49,163,242,479
972,45,112,193,412
847,30,145,224,451
1465,80,343,618,1505
2207,155,745,1202,2403
1105,65,328,437,998
851,46,160,257,503
2278,102,423,746,1600
951,83,436,739,1871
1600,112,688,1084,2332
977,70,204,269,553
852,26,111,181,458
652,28,140,195,350
791,56,172,209,430
946,33,146,203,367
1092,34,129,224,399
2275,127,680,1297,2783
1522,62,361,597,1490
884,6,45,74,143
854,36,94,173,294
800,38,127,217,485
31,5,1,10,24
1636,152,531,800,1863
2197,120,761,1191,2747
903,17,64,137,238
747,52,169,239,462
705,19,43,61,126
717,56,146,237,485
1782,70,168,256,384
701,25,110,176,361
1462,151,622,1019,2473
921,46,237,248,565
952,37,119,218,412
57,6,14,21,72
965,38,142,253,435
1592,123,600,857,2227
826,43,154,216,436
2388,162,707,998,2030
905,35,236,360,646
749,60,173,207,512
771,47,262,367,745
672,41,153,182,404
916,46,153,237,551
978,29,84,130,265
959,49,208,266,660
961,48,177,304,606
999,31,95,180,329
867,37,147,222,455
1528,144,609,1136,2410
1970,117,475,771,1817
847,55,232,429,1079
979,83,332,470,1090
790,42,132,197,513
1237,40,111,239,667
956,9,28,82,126
1687,163,706,1211,3037
2011,169,698,1112,2639
841,39,190,246,373
699,20,102,163,296
3258,242,861,1314,2652
972,38,217,258,468
819,55,338,615,1385
986,44,193,290,517
922,38,210,323,568
769,37,186,261,479
1308,45,143,396,802
1629,44,128,141,283
1002,52,189,236,489
1394,61,290,508,983
818,24,88,170,329
942,59,182,281,710
1229,69,276,610,1397
1003,79,402,674,1733
781,31,153,245,565
1807,96,407,750,1791
789,31,111,230,334
611,27,156,201,442
775,61,164,301,740
953,51,192,272,507
1825,129,660,1215,2589
1582,96,491,759,1740
949,57,172,310,591
2315,156,608,1055,2381
1029,34,152,236,454
847,46,220,225,570
909,34,130,160,367
1025,13,63,75,215
2588,159,653,1041,2316
874,35,173,269,513
757,61,127,193,440
10471,1081,5961,10583,30947
86,10,24,49,106
1717,150,717,1363,2940
977,13,71,151,221
2594,120,440,722,1413
838,37,93,139,325
846,31,163,219,402
2480,186,1104,2110,5315
715,43,147,172,393
1888,143,732,1275,3236
922,18,104,129,306
805,25,143,147,421
992,34,145,262,529
2562,179,986,1502,3586
759,33,153,189,329
742,14,127,122,255
1943,154,632,1164,2758
3254,221,965,1478,3221
658,34,190,259,428
880,46,228,336,671
723,36,111,136,266
1642,102,477,824,1841
913,71,163,274,657
720,11,47,102,180
624,23,45,85,189
958,46,182,249,540
2116,180,1003,1658,3820
2081,140,613,1031,2285
759,36,136,181,493
1100,9,73,135,262
1096,64,196,318,536
992,51,173,243,446
790,60,190,328,689
1158,60,263,414,739
974,55,208,323,703
834,45,142,205,376
876,42,122,267,562
1353,40,94,232,505
835,33,188,318,575
871,44,190,304,630
764,51,153,194,469
1048,61,199,239,521
859,57,226,318,620
763,42,172,181,397
808,56,118,205,389
3697,333,1894,3427,10459
798,65,148,189,377
638,7,46,125,210
1489,146,788,1155,2653
826,27,192,259,532
616,33,104,153,288
654,21,134,196,397
717,33,87,191,315
583,27,131,136,346
1893,170,747,1159,2288
2717,190,792,1225,2610
890,26,161,193,429
825,57,163,243,510
577,25,118,155,322
756,30,121,206,360
657,43,113,167,324
2122,170,659,1126,2444
1656,118,300,329,554
724,28,169,202,409
897,35,135,217,425
844,36,127,176,325
1627,83,409,812,1726
951,45,194,244,479
843,42,154,229,478
701,44,168,253,480
837,35,106,157,246
895,53,155,213,483
853,61,177,227,554
1550,59,180,272,369
1727,85,456,660,1703
918,65,173,221,548
659,11,129,157,352
1061,50,169,274,508
2122,107,219,239,245
949,44,167,248,605
2218,59,220,346,796
871,52,200,251,546
908,18,74,112,233
1084,38,159,271,527
746,22,144,173,321
861,26,170,261,577
628,40,138,200,373
1000,71,290,378,742
741,59,163,245,478
1327,91,487,692,1435
1058,17,61,136,333
1034,50,217,356,709
2110,130,729,1236,2762
1533,114,521,859,2067
1007,29,186,236,418
1633,113,481,865,1880
1001,44,145,233,591
1568,90,586,901,2032
825,40,181,254,598
600,26,138,191,419
761,22,57,91,209
676,18,50,96,179
1570,121,455,699,1746
624,33,85,164,294
1084,40,160,261,588
787,27,166,242,406
772,24,108,149,368
639,32,176,249,498
748,36,178,256,508
1677,110,395,589,1162
1008,42,218,351,866
711,19,135,152,333
3168,229,1059,1670,3519
777,28,105,142,320
1018,43,145,208,408
871,23,113,163,369
769,34,93,137,269
1506,143,771,1375,3399
923,37,103,182,329
1004,56,162,233,471
716,47,167,228,484
1840,110,369,504,1057
1194,98,408,798,1748
2314,59,255,439,991
1974,104,510,1032,2469
2044,144,560,841,1833
788,40,159,291,543
820,17,42,98,201
683,13,68,149,267
827,4,21,38,91
1569,150,667,1030,2444
832,31,157,236,478
716,30,142,178,326
3031,204,1153,2049,4867
1744,124,406,818,1819
696,29,77,150,227
721,30,118,186,347
2168,144,665,1080,2452
2329,177,820,1351,3058
760,9,81,116,251
732,22,81,149,335
876,45,110,194,348
1852,74,428,842,1714
1646,77,339,664,1750
681,34,89,147,303
721,37,114,173,308
1047,115,584,839,1825
821,29,115,140,264
1906,96,457,598,1204
2399,156,846,1372,2886
719,30,98,155,360
1016,45,164,208,465
654,66,171,242,515
769,45,229,301,535
774,34,173,268,448
697,73,155,198,442
1089,50,112,156,285
1832,123,688,1026,2528
850,34,136,137,293
387,21,114,167,318
658,19,40,84,121
1710,93,340,566,1197
1047,35,112,204,392
683,51,125,215,387
697,27,107,110,247
595,16,49,67,135
1904,151,870,2055,6385
2546,149,626,923,1885
1127,39,153,266,575
848,54,202,245,482
748,46,110,186,335
674,43,135,174,393
849,33,180,244,466
928,36,188,258,475
135,4,52,55,135
1000,38,162,296,609
1013,46,166,194,383
619,49,130,176,335
793,42,162,212,406
670,9,22,42,133
2405,227,1315,2566,7683
746,45,156,203,455
892,33,152,266,416
704,44,123,202,371
782,34,224,380,790
2354,162,599,1020,2115
2995,237,1481,3517,10669
2833,161,714,1276,2686
726,21,131,158,274
658,33,96,132,272
734,38,149,201,341
692,29,87,119,325
1075,50,225,362,730
820,22,81,111,293
816,7,37,66,125
759,28,112,150,324
703,25,104,229,354
1527,79,470,733,1763
1340,81,413,665,1533
665,32,142,219,477
787,52,244,272,568
44,2,6,7,17
819,43,99,145,288
919,19,79,100,201
727,18,30,61,103
969,53,183,261,442
783,23,87,138,255
752,26,185,228,379
1647,6,14,32,78
1071,74,166,249,584
950,49,115,207,357
2012,49,106,173,292
1883,153,722,1063,2455
2250,221,837,1270,2665
167,6,67,108,178
772,31,107,175,349
620,30,103,128,315
819,59,226,342,765
719,37,189,172,404
705,36,129,226,438
2653,122,466,881,2037
1347,62,352,601,1381
1247,59,343,492,1207
949,92,384,649,1437
574,56,141,192,404
1880,146,623,1123,2430
7582,676,3700,7190,20455
1235,109,733,1395,3311
1621,132,528,901,1922
700,18,134,162,325
794,10,58,109,244
656,23,57,111,166
1924,119,598,1072,2613
1911,94,444,893,1894
742,24,122,158,278
2643,354,1083,2332,6771
1526,106,531,893,2053
587,19,134,247,383
890,50,220,268,543
751,58,457,832,2601
758,29,56,55,138
922,11,104,168,364
1515,157,724,1122,2475
821,33,127,168,389
814,36,137,160,367
1651,125,556,860,2128
2788,214,1132,1751,4446
633,46,165,249,512
539,49,200,339,625
739,40,173,218,484
707,58,184,297,640
365,22,164,317,723
617,44,206,318,750
612,28,54,131,245
599,35,177,276,586
3194,243,999,1629,3211
1789,100,461,756,1732
2726,276,1166,1696,3980
348,8,61,88,196
3236,191,717,1185,2946
432,23,26,76,152
738,29,141,231,448
691,31,123,185,373
2495,198,992,1602,3879
1141,116,481,945,2503
1739,133,690,1184,2910
644,47,190,259,445
741,35,72,151,348
1559,99,405,641,1347
1047,51,223,311,634
870,40,143,188,416
1751,142,589,1060,2259
568,24,152,204,399
588,37,141,223,397
691,35,69,143,236
1099,77,177,236,420
774,28,69,108,349
1968,85,285,402,891
546,15,108,166,327
749,41,161,221,466
481,11,44,88,178
1433,140,442,601,1410
728,43,148,204,432
688,24,94,114,221
1487,37,114,212,463
1625,73,268,399,739
2730,181,715,1040,2218
804,45,274,435,967
800,38,144,233,468
1952,115,859,1414,3512
805,24,148,214,514
806,36,136,187,312
673,25,103,117,283
552,21,66,146,236
1114,65,259,415,1013
2351,95,430,766,1805
824,34,108,174,334
566,38,125,133,248
1018,84,382,575,1376
789,45,194,261,554
676,26,100,119,265
739,44,112,172,343
736,33,131,194,423
1150,35,167,295,583
2279,203,876,1613,3553
787,30,130,158,343
702,15,57,129,285
684,55,99,146,269
1817,163,591,940,2130
634,21,102,175,316
617,29,71,123,254
1559,98,503,903,1978
1925,161,857,1426,3206
694,25,123,189,404
2159,210,963,1547,3554
1506,102,506,922,2141
660,40,165,196,372
1928,156,673,1230,2795
605,9,81,141,349
957,79,371,519,1229
728,22,93,193,320
622,42,84,160,290
579,33,86,124,213
804,34,107,198,317
843,39,200,255,478
818,42,152,197,471
699,28,141,165,418
560,29,121,226,348
1888,166,701,1021,2463
1184,79,452,726,1784
1959,73,170,233,464
1410,115,394,672,1555
2316,61,269,271,536
716,32,156,231,477
734,43,250,350,772
892,29,140,252,542
626,21,52,144,286
1812,129,576,983,2357
1319,83,288,431,888
665,11,44,86,201
1061,80,697,1302,3382
897,16,141,206,380
721,19,65,84,158
727,50,87,137,257
588,19,120,151,367
600,23,94,131,326
2552,245,1657,3093,8719
90,2,23,25,37
821,28,124,195,420
863,36,168,237,571
914,33,218,303,609
1206,101,252,312,605
724,29,156,258,529
735,39,129,229,400
708,5,37,80,180
925,29,105,166,343
708,19,125,141,286
886,31,178,229,497
1917,75,268,330,529
1792,74,241,300,435
1679,95,316,503,944
2699,219,772,1121,2696
1192,96,399,722,1580
1460,116,516,848,1919
803,29,107,186,388
845,26,114,170,328
1484,143,556,1023,2241
1903,100,491,870,1865
834,34,165,273,603
2006,114,543,840,2260
1573,49,150,197,318
1111,33,107,206,426
1113,38,174,341,721
584,40,155,287,489
682,17,58,79,145
754,39,155,229,388
693,42,141,188,460
850,34,77,105,187
649,12,30,60,111
2574,358,1720,2959,8861
1609,52,284,516,1131
681,18,123,179,360
1894,121,518,684,1402
1915,125,609,838,1883
672,41,152,247,416
2125,85,205,290,639
1800,175,623,1278,2957
1822,131,532,1031,2248
560,37,228,264,428
1921,144,506,791,1926
1914,107,509,948,2038
641,38,117,200,344
1966,158,725,1261,3060
1608,122,512,837,1837
2079,66,183,290,424
723,22,167,263,515
914,57,238,391,880
1074,56,243,304,587
735,44,137,246,506
750,25,150,211,422
1592,76,328,554,1276
1804,152,751,1252,2970
591,26,113,100,137
1914,65,266,351,424
658,20,97,156,330
1548,111,476,714,1745
1654,71,331,449,1044
656,31,116,223,323
584,8,33,61,102
1550,65,287,446,833
831,36,131,180,334
1370,34,142,206,368
664,32,124,135,283
2524,157,879,1453,3303
791,36,85,141,351
768,10,44,89,131
2177,183,813,1335,3463
2005,155,610,1017,2151
2112,102,523,882,2049
2399,169,526,566,922
671,21,64,98,200
605,10,19,48,73
891,37,141,208,393
2622,181,882,1487,3486
583,35,147,223,451
1190,59,383,568,1306
1481,86,285,490,1113
1839,124,507,886,1987
721,32,150,198,458
580,17,63,79,164
43,7,17,52,116
968,63,233,386,787
744,40,123,178,308
1533,85,372,666,1529
590,46,171,189,426
715,21,84,98,185
615,47,150,194,437
683,30,64,113,254
2148,163,668,1291,3103
1135,48,134,206,342
917,44,347,1034,3481
661,35,111,172,332
627,21,95,124,281
358,24,84,113,314
1638,144,536,866,2010
1184,114,208,326,442
610,38,154,248,467
1787,95,676,1158,2953
1748,82,268,344,498
678,20,42,121,224
1290,57,232,284,561
1572,78,455,699,1487
1683,67,288,496,1182
650,10,29,68,119
256,20,60,121,325
767,38,172,208,426
676,16,97,152,258
650,34,137,173,358
561,13,45,99,216
1275,80,349,572,1432
182,6,37,65,183
1626,97,425,818,1941
1749,116,536,915,2316
1254,50,111,117,249
31,1,7,11,51
641,36,124,230,509
743,27,86,151,290
628,17,107,173,300
2625,180,941,1718,3633
304,20,42,68,122
742,51,243,317,607
1463,55,148,217,377
682,28,94,140,344
2252,182,993,1870,4767
650,10,112,172,457
736,20,97,109,195
798,15,43,76,142
2107,123,546,898,2048
733,44,135,225,446
2526,55,222,376,791
1512,111,616,897,2114
693,27,144,179,326
616,20,79,136,282
538,11,69,123,281
557,17,97,120,222
691,55,244,453,1027
1696,111,576,913,2175
1500,74,326,503,1204
1133,93,262,333,430
646,36,105,182,409
722,8,60,85,199
1419,62,376,749,1543
1064,76,499,774,2018
1231,73,270,325,584
827,44,139,273,522
631,24,100,142,322
681,31,204,290,526
605,17,67,143,238
1310,75,344,505,1128
566,4,14,26,67
605,23,94,124,217
554,14,83,73,163
798,32,132,208,390
1680,44,142,220,445
1095,73,373,605,1505
471,23,66,168,423
818,43,144,158,353
629,47,145,224,458
490,6,55,59,140
554,31,75,125,255
666,30,105,205,380
1437,94,434,613,1589
1611,87,373,719,1529
777,27,83,156,347
1318,168,784,1235,3401
70,8,14,34,71
2206,102,475,788,2079
1610,65,254,278,472
715,38,137,173,285
1174,108,608,1111,2476
1884,135,717,1086,2305
893,72,270,471,982
1029,34,129,174,345
679,50,162,229,424
2482,79,232,337,687
2670,220,1005,1752,4187
1626,75,429,683,1615
975,47,144,334,542
664,28,115,136,295
482,15,75,112,242
1867,177,968,1521,3543
787,38,102,153,323
1135,80,382,641,1274
738,62,155,169,363
2436,72,475,944,2713
2160,138,577,990,2240
841,27,108,147,300
797,44,112,228,453
920,43,108,172,333
777,12,72,151,295
1483,134,558,1012,2097
1410,43,166,221,490
672,20,46,120,236
658,29,102,205,411
654,52,151,201,458
809,41,115,182,438
1384,106,303,582,1274
844,36,131,169,395
1661,39,98,179,265
51,5,20,12,46
544,46,119,193,367
1414,87,425,827,1949
1218,100,554,914,2200
2202,72,224,259,520
585,46,109,174,289
666,34,164,197,378
669,24,152,229,557
592,16,95,142,332
2357,147,707,1065,2268
94,13,46,79,159
1686,79,428,666,1416
1770,52,208,296,689
530,15,36,54,96
1752,143,603,914,2150
888,36,143,228,450
1246,81,460,856,2700
806,28,167,201,341
1530,121,547,903,2060
862,35,126,189,383
1993,197,984,1602,4135
670,29,120,227,390
725,30,139,158,336
59,9,14,24,65
2153,143,753,1391,3542
3938,84,278,429,768
743,30,92,170,271
760,23,116,157,302
895,50,236,330,903
475,16,105,187,409
533,30,104,184,295
611,19,86,119,229
586,19,88,121,253
2170,189,878,1462,3222
2264,150,707,1070,2349
773,40,122,190,400
671,31,127,183,329
1936,173,816,1368,3230
1534,115,554,847,2028
2752,171,929,1591,3848
797,28,85,134,253
1070,63,148,260,390
2024,90,467,772,1786
474,19,81,71,106
637,19,110,195,473
1663,117,599,967,2199
757,29,97,136,275
1596,100,496,829,1908
724,38,182,287,614
624,41,148,204,434
504,13,37,53,90
1584,75,472,751,1840
2467,169,657,935,2147
360,48,133,180,452
726,44,145,142,275
1866,92,492,781,1678
1883,111,527,821,1759
3170,291,935,1452,2958
608,10,31,41,95
1102,71,325,500,1183
954,57,253,430,988
1995,111,406,706,1569
369,14,51,94,150
1002,51,168,213,481
583,21,133,201,449
713,4,46,75,152
3026,210,1237,1920,5366
1271,77,274,502,1084
2132,100,463,933,2037
1184,82,447,749,1802
1037,87,328,649,1447
1312,89,318,687,1320
192,6,29,50,174
23,0,2,4,4
129876,3100,7037,8492,11626
1221,147,569,988,2215
2065,55,227,423,798
517,12,22,43,72
647,3,39,46,109
915,29,123,225,369
1796,83,373,556,1120
2090,178,978,1658,4350
744,32,179,303,531
446,16,68,79,176
1114,64,251,297,619
680,46,130,234,404
1484,93,340,606,1329
774,22,118,128,322
675,29,74,109,215
1027,57,123,238,403
1775,106,445,837,1968
740,51,163,317,620
640,37,64,96,191
635,18,95,129,238
2911,172,678,1148,2299
1027,66,135,296,477
749,29,126,155,254
1499,114,422,691,1494
632,16,146,183,412
710,28,124,134,411
1808,54,151,203,362
822,16,36,95,165
1199,59,257,343,1094
295,18,54,119,245
837,24,128,160,338
776,27,101,120,281
990,42,242,271,589
506,17,66,105,157
1234,29,207,428,1303
1642,51,199,377,930
953,48,183,230,474
658,51,167,195,331
711,49,133,193,390
684,9,18,46,79
1768,99,415,782,1861
1743,120,483,870,1894
1728,83,376,721,1637
1366,89,305,461,924
1136,35,142,276,610
1483,90,274,307,462
675,32,167,308,598
889,43,157,267,501
581,15,51,84,205
323,15,71,138,376
2336,148,585,837,2056
2029,105,515,944,2201
1563,79,372,772,1678
934,33,173,261,540
677,26,113,170,317
1329,92,462,581,1475
534,11,75,122,274
1479,77,403,723,1546
1912,134,520,883,1843
617,30,95,154,301
1022,44,121,100,146
179,3,42,91,217
1839,119,601,919,2065
1446,77,273,525,1081
1098,54,224,355,516
1512,145,540,918,2057
573,21,134,225,521
81,2,7,9,30
2267,139,566,857,1839
979,87,483,873,2183
1497,184,614,1038,2173
1061,46,288,583,1310
1388,99,502,656,1603
454,10,90,104,262
412,48,155,272,551
475,22,98,107,227
2622,156,755,1232,2875
2131,164,349,487,725
557,35,82,160,280
789,58,117,181,326
1437,93,384,605,1268
1735,82,222,288,520
534,38,117,167,354
656,34,130,165,390
658,22,97,131,265
1706,79,419,672,1579
871,69,214,375,641
500,18,61,122,219
825,44,151,186,398
605,23,124,156,332
1302,103,385,636,1585
455,45,141,207,424
1194,44,152,184,386
1562,51,162,209,308
661,42,224,334,794
1039,63,162,259,566
1879,142,560,900,2063
1930,161,802,1377,3178
1254,60,156,241,379
902,24,110,234,463
1386,77,459,656,1639
1053,48,224,362,1071
1650,120,524,898,2037
883,32,176,248,456
1679,148,747,1218,2581
633,22,110,128,294
1478,87,490,869,2005
1176,21,108,122,243
242,7,43,124,259
893,21,75,126,283
1122,42,216,354,689
782,85,564,961,2656
2964,163,784,1241,2825
1346,67,257,361,814
571,9,103,120,275
1156,41,125,196,436
2855,129,592,879,1860
1244,58,258,352,560
468,18,82,119,204
606,13,79,116,258
324,7,40,78,161
2026,116,519,909,2119
680,24,104,162,358
1617,56,318,435,626
1318,102,490,828,1800
1383,105,542,1002,2414
1111,38,171,238,482
576,11,60,73,208
1338,59,185,321,554
1670,126,555,1020,2261
706,22,91,152,258
1197,57,207,249,675
1837,145,648,1204,2703
858,39,86,142,330
499,35,72,89,183
612,25,58,84,202
1507,117,567,848,1749
907,51,183,284,531
1364,115,469,778,1882
2356,49,185,243,431
734,35,124,181,370
680,34,174,262,475
2743,94,352,549,1213
667,53,279,554,1784
2224,193,614,948,2016
1719,95,411,755,1804
1167,63,292,500,1185
1506,85,600,906,2216
2244,134,539,800,1733
1808,116,514,921,2114
903,35,158,237,475
4423,255,1148,1394,3122
975,56,376,712,1680
955,48,113,220,380
2335,126,419,718,1504
606,57,142,165,416
908,70,159,223,373
1706,40,115,135,222
1207,58,304,378,726
1880,92,414,693,1424
1448,67,245,487,1271
835,37,141,211,532
1341,88,227,293,477
1471,114,406,570,1253
629,31,103,134,269
1805,79,370,693,1314
1086,72,401,682,1742
589,35,74,115,307
663,19,89,186,394
2031,141,723,1121,2359
955,21,140,170,304
1433,56,300,461,1272
1344,139,538,895,1942
457,48,93,97,215
677,42,164,246,529
1767,125,648,948,1925
1891,129,681,1063,2538
1541,174,638,1206,2566
623,36,112,150,313
1865,146,662,1046,2419
1419,126,501,744,1920
1703,89,333,590,1477
1667,120,536,982,2293
615,33,94,178,418
1267,116,592,896,2156
1019,93,347,623,1684
1696,102,475,845,1714
2081,118,572,963,2511
1066,28,109,233,464
405,13,76,106,168
995,50,190,226,381
895,48,149,246,534
640,32,107,152,348
512,40,107,153,274
1063,40,159,243,405
1434,93,350,580,1443
606,41,114,157,357
1065,43,295,418,970
993,27,127,179,382
467,35,110,211,390
1323,77,380,623,1460
2455,218,1609,4521,15907
507,32,78,95,259
974,43,111,183,358
964,43,101,174,324
445,28,117,199,377
1978,145,792,1486,3751
133,15,50,72,261
1423,113,395,596,1371
878,40,95,199,380
1716,137,600,977,2288
1072,87,201,247,408
1427,62,429,705,1725
1078,118,674,1554,4277
991,90,384,728,1717
397,31,73,131,218
1306,105,627,1427,5140
1431,129,600,1170,3385
1080,45,171,189,333
919,25,129,162,259
555,17,122,159,260
780,42,111,174,370
917,72,274,491,1114
1172,69,267,396,773
1095,74,390,688,1502
1208,82,328,589,1301
2046,149,720,1082,2651
960,45,146,218,443
2053,137,432,634,1291
765,11,89,167,366
1150,55,116,195,301
1652,123,541,822,1898
688,31,129,172,318
976,36,148,200,486
584,20,98,128,221
1268,97,390,679,1520
1958,145,545,709,1486
2511,199,903,1566,4756
840,41,156,207,473
611,25,63,123,256
735,46,217,415,1054
352,18,74,77,201
1071,62,152,222,333
985,53,139,228,504
870,59,274,422,1125
600,35,80,115,252
812,56,299,503,1389
1439,97,426,665,1585
597,26,47,76,179
1232,48,185,249,402
722,52,178,344,870
1374,66,408,665,1727
852,32,157,180,331
901,49,132,206,503
1310,113,465,840,1779
2092,111,620,1051,2498
2024,133,711,1231,2831
1504,67,299,555,1258
778,34,78,125,315
1148,96,422,686,1642
5097,405,2245,3912,9619
1522,86,453,831,1793
632,51,92,130,297
1337,117,634,1179,3002
1317,82,508,933,2131
1606,130,554,889,2043
1481,94,247,396,782
84,0,0,0,0
2813,141,506,632,1227
1054,116,429,854,1929
812,35,105,182,370
1218,64,263,560,1215
1453,142,840,1774,5133
753,29,104,136,316
454,29,109,177,526
564,26,141,176,382
1904,121,682,1555,4933
683,10,95,116,235
515,23,108,113,282
742,48,146,163,315
1013,29,153,208,445
1145,95,202,218,382
1152,72,313,514,1203
921,62,182,271,439
1644,100,447,589,1393
2806,233,1171,1902,4648
1230,37,92,129,267
1182,28,141,218,639
746,54,273,435,1117
1047,40,158,198,367
802,38,138,187,435
1508,81,388,698,1577
881,57,114,157,284
831,81,418,616,1622
1609,66,256,350,806
908,34,115,189,430
810,53,96,161,353
467,28,70,130,317
1132,77,240,354,453
1349,36,131,139,289
588,20,101,145,303
1526,114,547,1115,2608
1789,110,301,489,1320
972,46,254,481,1078
110,1,3,10,25
717,43,276,469,1127
1091,49,206,256,513
659,33,138,161,327
1281,46,83,138,216
488,18,66,96,222
1009,56,256,445,1037
489,23,95,161,251
534,33,132,171,338
1309,123,295,374,600
1517,124,671,1007,2412
763,31,139,189,389
991,65,215,310,691
2021,142,640,1053,2677
737,33,96,179,295
635,29,123,163,363
576,13,102,172,389
1802,133,665,1041,2492
840,34,155,174,404
470,16,89,227,466
644,18,28,83,138
1698,106,468,792,1829
366,9,51,90,148
1717,135,660,1013,2579
1616,150,603,1138,3033
1692,47,156,318,790
570,20,67,142,291
980,41,306,652,2194
1459,90,476,817,1895
1234,78,244,339,697
2099,77,276,303,500
2253,93,507,918,2085
1445,88,406,741,1614
1342,77,472,768,1725
1091,84,291,554,1263
1064,65,312,547,1296
1137,72,350,531,1409
1829,130,546,994,2074
1230,60,225,299,555
2307,231,901,1357,3427
1010,35,140,241,487
565,23,94,163,371
1495,106,434,803,1711
863,56,183,293,699
752,31,142,176,353
133079,5102,10824,11193,15903
422,15,46,84,148
417,24,85,108,227
1320,107,489,758,1911
1385,121,492,850,1971
866,36,121,213,454
1486,101,510,855,1771
1134,103,461,644,1346
1262,84,270,352,528
950,43,247,310,633
424,23,81,73,130
1398,120,654,1157,2833
1334,63,316,560,1296
1530,128,491,685,1549
561,24,92,167,366
689,22,87,115,211
1981,268,1555,2948,10223
1045,46,183,212,469
1017,63,244,486,1129
2441,165,920,1595,3887
492,3,8,18,26
1247,88,310,467,1049
1298,85,378,684,1506
471,24,95,147,268
1838,106,355,575,1191
1523,39,192,404,809
992,70,417,734,1710
1116,53,222,340,604
682,23,97,207,492
900,35,167,194,326
581,20,76,105,270
355,20,117,238,437
652,32,100,145,345
434,10,31,43,86
2313,176,928,1587,3766
1361,115,433,732,1491
1944,165,704,1325,3022
1500,50,276,456,1104
1707,138,635,930,2288
1839,132,558,1129,2323
967,15,72,123,209
683,57,177,257,545
1089,69,347,566,1279
556,31,224,363,725
470,27,104,163,309
259,6,30,40,161
166,8,37,63,183
723,40,172,209,453
1184,31,64,74,87
2155,203,776,1294,3110
1332,99,456,803,1601
867,44,141,186,383
1902,146,757,1807,4859
1443,101,495,724,1599
819,38,139,213,410
982,45,99,140,272
1618,118,498,832,1981
1730,161,662,1165,3030
769,31,85,139,199
818,55,166,268,586
1730,128,551,871,1966
1061,44,108,194,357
1106,64,227,331,566
1184,89,242,260,410
500,30,66,73,179
1327,39,232,332,556
1702,173,691,979,2297
1110,29,81,97,127
1394,69,299,632,1277
1736,151,621,997,2277
731,21,103,164,321
531,15,130,215,632
1045,71,202,280,529
758,15,69,92,225
1654,96,474,742,1785
1081,73,386,648,1466
2592,266,1596,3326,10189
1049,49,173,217,454
860,26,83,174,346
1707,35,85,96,112
1619,118,650,1142,2410
1619,141,736,1265,2847
846,33,119,190,390
746,58,224,336,967
960,53,113,135,202
934,60,385,671,1475
2979,120,448,746,1607
1142,91,238,320,460
663,51,300,518,1242
468,15,70,108,190
1548,131,568,994,2485
3959,266,1368,2522,6191
2225,135,730,1258,2959
1264,135,827,2065,6678
588,28,190,326,863
1684,161,635,1059,2472
1539,84,520,880,1857
3752,186,1048,1964,4881
903,56,79,128,213
177,10,32,73,146
1008,33,154,262,620
1019,81,312,416,981
547,25,72,86,240
1714,63,160,104,141
564,30,78,96,254
477,33,80,156,284
878,50,273,447,974
767,58,144,266,780
1981,142,595,1072,2352
564,31,147,205,449
539,41,136,205,380
716,24,161,199,436
785,13,26,38,56
1049,45,137,259,547
873,45,229,281,591
1970,172,972,1876,5100
2554,216,883,1324,2829
731,30,59,121,268
1780,109,564,1026,2515
587,26,94,126,308
764,33,129,194,349
1049,62,324,577,1144
1197,77,205,252,486
649,19,102,174,329
534,13,54,67,159
1153,82,293,544,1072
1109,69,329,495,1161
859,33,126,223,365
1429,85,355,542,1273
180,8,35,61,123
902,23,103,173,386
1595,137,499,1044,2192
1585,100,512,752,1997
780,24,93,169,321
1083,58,218,298,606
862,27,114,139,355
483,27,113,205,435
629,21,47,51,102
1302,119,429,733,1891
842,48,124,175,437
142,9,28,36,95
1352,77,472,687,1650
1598,138,717,1261,2792
924,30,131,203,378
870,21,116,155,367
1740,62,160,173,326
861,34,114,168,304
1005,72,354,531,1323
746,26,62,86,173
1198,80,465,734,1927
1063,26,158,157,319
1004,87,538,820,1893
1044,40,87,136,313
862,18,56,79,186
799,28,93,134,325
800,36,139,259,524
1269,60,260,406,937
1611,87,473,949,1928
789,93,370,616,1446
1896,137,711,1270,2960
1333,75,338,465,981
938,63,335,506,1187
48,0,3,16,33
681,22,88,104,252
604,29,97,152,236
1205,48,129,119,157
1528,95,456,796,1836
1582,125,505,938,1960
1702,37,135,214,427
1562,101,593,859,1987
980,25,99,161,327
766,35,120,189,390
986,33,131,181,415
417,12,44,73,153
386,12,77,140,277
530,13,117,201,425
1313,72,387,809,1969
1110,66,290,453,1108
2140,120,609,820,1929
1402,90,400,794,1639
1497,105,472,763,1701
1199,92,250,297,522
787,36,159,310,555
146278,5334,12200,13232,19331
1158,74,454,823,2138
556,16,102,150,369
541,11,30,49,108
1002,66,357,617,1396
1030,47,244,386,942
1838,111,677,1155,2862
1259,78,230,308,472
1326,92,522,830,1693
1186,65,315,524,1219
1317,101,431,774,1710
2070,112,605,1061,2474
1219,89,446,541,1324
959,63,225,421,1023
1040,45,147,263,531
744,28,90,118,196
1013,75,281,545,1336
1274,77,443,736,1703
128594,4472,9895,10490,14978
322,17,79,140,350
79,5,11,25,81
1582,105,415,734,1683
1060,26,177,171,366
485,8,53,134,274
1198,113,592,1069,2624
1812,140,624,1098,2760
1024,70,306,488,1177
903,41,115,205,409
1145,37,103,149,298
1085,46,317,541,1191
1790,141,623,1033,2475
978,75,286,459,1116
786,16,44,75,128
1521,110,576,1004,2273
691,28,113,120,265
459,30,86,114,264
1411,117,317,298,604
275,16,36,53,138
1525,92,424,732,1668
1031,112,476,654,1796
1455,90,246,526,1208
961,74,391,869,2105
1704,132,468,844,1890
859,50,226,278,563
695,28,96,105,292
597,14,66,78,157
1305,38,102,119,122
1309,43,177,388,809
824,29,139,180,331
828,19,80,111,239
508,14,63,85,210
1262,83,365,597,1390
1615,66,341,496,1123
563,20,104,153,280
542,23,64,137,377
846,42,186,224,525
1469,125,608,1181,2428
1561,90,482,910,2196
1818,111,517,754,1501
896,42,124,194,317
1599,114,473,734,1803
66,4,5,8,19
901,40,179,243,426
1478,113,462,750,1742
483,14,84,120,291
1708,132,506,880,2007
1697,107,651,965,2316
2536,190,1010,1811,4529
837,33,107,141,365
2023,110,675,1092,2482
915,33,215,329,804
794,20,69,154,342
807,22,123,171,308
1185,87,419,645,1580
2031,62,240,416,850
1408,58,145,203,301
1070,70,281,451,1053
896,29,133,159,397
2828,228,958,1446,3163
1348,86,383,622,1360
737,23,74,131,303
843,53,263,575,1219
1444,40,158,313,663
1188,99,378,647,1650
1630,115,508,837,2014
1448,87,249,308,605
658,21,34,54,62
1670,101,438,685,1704
1517,126,597,1067,2433
2028,161,665,1013,2681
1321,91,460,821,2126
855,36,157,227,465
1703,112,421,734,1746
544,8,22,30,41
1582,120,516,1013,2343
1019,38,149,180,353
92735,2303,4518,5118,7175
1348,64,340,646,1472
2454,127,449,710,1421
852,48,149,240,279
648,35,101,147,216
800,36,128,193,369
1211,74,192,211,427
884,53,158,278,478
1312,38,99,97,60
561,65,134,227,454
1582,63,120,133,119
95,2,24,28,84
1283,128,751,1853,7369
994,38,120,142,308
804,28,96,107,244
907,23,113,163,349
782,31,57,95,166
999,47,146,142,255
1704,99,487,960,2438
1858,155,848,1152,2644
1541,79,399,637,1411
1426,94,403,640,1502
474,19,136,141,298
1121,53,297,590,1316
903,58,208,371,698
2961,141,802,1400,3642
591,32,112,174,320
1031,23,86,136,279
1243,58,370,555,1181
1038,64,396,622,1389
1387,77,372,377,810
1576,80,458,820,1796
1556,124,527,968,2316
457,20,108,188,318
906,109,361,539,1160
1134,117,482,673,1560
706,68,204,333,814
1279,89,303,516,1043
1149,50,136,170,332
1307,78,345,640,1369
744,39,156,204,531
1719,79,325,475,984
1156,28,56,46,77
928,70,305,517,1165
381,21,112,122,252
1334,113,502,651,1637
842,36,141,292,697
1547,70,232,256,378
544,23,53,61,88
794,52,136,179,429
1727,121,637,975,2373
800,24,104,204,440
965,69,262,311,425
518,10,34,108,194
980,69,187,217,421
560,18,81,105,193
465,13,47,70,75
1211,52,212,301,702
97,2,20,12,46
839,31,136,265,596
1015,105,520,880,2181
1009,19,134,161,311
845,14,68,119,236
990,32,122,201,467
1196,42,256,406,955
1018,24,83,193,409
845,53,263,449,1044
453,20,62,67,78
693,17,119,152,366
689,25,135,184,373
558,31,153,157,314
818,14,45,76,104
783,42,292,475,1188
720,40,115,158,290
658,39,195,353,833
1804,125,657,1120,2673
1042,51,144,189,285
1040,48,127,135,272
753,29,107,155,310
1808,109,384,454,749
1208,94,367,624,1528
1731,92,473,821,1930
1066,60,253,499,1118
1111,84,571,986,2406
1845,111,495,868,1960
1253,81,384,710,1594
2453,124,635,1127,2688
56,0,3,24,87
1591,115,512,834,1860
947,34,155,198,450
1007,47,209,280,786
1007,44,261,461,1045
973,71,145,219,338
831,13,95,165,435
1235,67,315,686,1553
1504,114,397,848,1905
938,22,118,158,321
1267,82,406,606,1566
975,61,255,417,1011
708,30,98,128,320
512,41,166,298,600
578,27,140,165,298
2658,212,934,1660,3822
1425,65,491,769,1823
813,37,130,187,422
893,32,119,153,316
766,31,91,92,142
1256,71,361,632,1391
858,27,150,183,355
890,31,124,222,587
703,39,141,177,387
1036,32,155,227,455
646,31,59,135,278
939,43,219,384,892
1067,56,227,319,712
731,24,118,178,355
878,153,362,553,1445
932,52,201,211,383
406,7,91,129,247
983,9,50,82,110
54,2,1,2,7
1334,85,408,662,1579
1717,77,280,386,792
849,57,220,426,979
1323,82,344,524,1106
1705,135,581,975,2242
726,35,130,150,319
1162,67,237,254,517
242,22,68,95,225
900,35,260,427,1123
1153,55,320,535,1302
1051,18,101,144,248
756,12,74,86,133
749,47,191,358,803
1060,62,226,281,427
1540,66,229,331,833
955,20,121,85,118
1400,77,304,595,1464
1526,123,512,790,2010
1576,54,106,81,83
850,28,133,183,320
835,67,259,498,1150
929,47,144,182,245
1847,146,560,936,1943
839,74,319,537,1251
763,31,123,164,329
1163,33,103,139,292
155061,5729,12401,13119,17799
717,22,135,193,364
1185,77,323,473,1185
864,40,101,161,389
2518,167,1012,1637,3977
1555,80,376,633,1550
902,47,287,440,1049
1610,81,428,738,1713
1203,66,310,535,1281
667,23,110,166,360
999,46,231,340,795
1911,106,277,442,1039
1124,61,192,234,502
983,67,282,428,1152
914,55,279,501,1278
1549,96,476,846,2181
1405,93,526,870,2000
1084,67,413,600,1245
2536,231,816,1152,2592
482,40,97,163,287
1204,71,464,749,1827
62,2,11,10,44
1459,102,462,723,1757
972,79,466,909,2373
1093,19,110,237,475
779,30,127,164,240
741,56,247,471,1096
540,20,81,135,267
496,28,95,150,292
651,50,273,429,1007
809,28,116,158,295
1322,62,236,399,884
1432,58,132,128,129
1021,31,126,158,374
1019,46,148,200,458
645,44,257,424,1035
1168,26,97,122,255
959,81,420,768,1889
371,15,28,59,141
859,32,363,546,1083
574,18,94,156,280
1019,72,271,391,1039
1495,39,128,171,295
454,16,43,99,276
99,4,20,57,98
674,71,272,458,1097
1136,117,465,648,1463
1077,69,230,247,454
1138,60,147,205,341
1148,38,246,392,966
2033,128,495,719,1714
713,28,69,101,168
949,78,376,575,1467
1431,98,305,603,1378
922,39,131,186,425
880,38,140,213,438
1305,90,468,804,1811
938,48,232,284,512
787,77,300,570,1493
1818,125,532,760,1887
938,25,68,78,55
443,22,98,155,296
955,100,453,1283,4646
1325,89,419,660,1354
864,40,161,235,427
737,53,189,273,562
739,25,100,144,258
622,8,64,76,167
527,28,99,169,316
43,0,22,28,87
1194,64,269,413,827
915,26,131,135,273
659,34,114,155,271
884,31,164,157,306
1171,97,423,708,1529
1198,44,285,463,1107
1954,127,624,1030,2652
1603,89,435,713,1628
1223,100,487,801,2074
941,36,129,127,285
1094,68,240,210,381
116,10,21,54,117
1172,55,187,226,418
1206,37,114,147,211
1254,68,117,180,311
1432,78,473,785,1690
577,32,150,266,584
1175,58,271,504,1091
673,21,93,125,211
776,32,95,142,331
1242,57,306,584,1447
1192,44,337,525,1284
867,40,150,190,375
1225,81,324,554,1281
637,40,124,181,359
1084,95,494,654,1538
380,7,55,112,227
1281,122,595,910,2104
1316,92,460,739,1813
1304,51,97,137,233
661,32,83,108,220
699,54,109,175,268
1104,47,286,526,1116
92,5,27,54,113
1074,92,482,821,2031
953,40,161,164,379
1370,108,380,631,1451
1255,83,415,751,1548
754,22,106,149,251
1068,89,374,618,1466
427,16,53,44,35
752,31,109,117,172
699,19,98,128,246
913,81,376,532,1273
1118,80,249,303,439
616,43,122,178,364
1349,53,150,302,550
687,40,198,306,848
713,58,213,347,753
2228,127,630,1177,2761
879,42,165,312,583
624,21,119,199,450
76340,1544,3361,3851,5380
1381,36,77,72,85
834,30,90,109,280
735,17,95,119,284
1859,116,583,1079,2519
835,31,103,132,286
1069,68,156,184,366
75958,2970,6570,7215,10063
1815,109,554,1020,2406
666,16,23,48,71
555,27,85,140,247
745,30,96,160,281
663,38,149,179,406
805,27,95,172,331
1526,114,376,600,1522
1433,65,345,629,1430
1676,86,218,328,802
913,53,336,610,1538
772,75,418,1001,3226
612,29,97,179,334
635,68,159,253,563
779,18,64,113,195
757,52,151,244,500
523,30,69,94,172
972,31,161,159,340
1300,54,190,382,867
595,27,87,110,346
555,10,80,130,261
1120,72,417,679,1471
1746,145,538,1127,3145
990,61,154,167,333
1485,101,290,396,598
581,21,184,359,752
624,43,173,297,678
1481,113,511,752,1683
747,15,106,159,361
1458,91,518,786,1956
48,0,6,1,14
664,29,75,109,260
643,29,68,139,334
318,21,73,124,276
948,65,302,464,997
1023,59,249,432,1178
2939,262,1247,2511,6994
1419,92,441,777,1829
647,46,136,189,408
362,18,75,81,208
800,24,44,83,109
436,7,26,69,110
883,84,310,453,983
694,34,69,119,209
717,32,115,163,342
1096,67,249,484,1151
983,59,271,693,2077
679,28,118,159,323
997,65,180,329,767
817,22,82,118,226
1278,81,241,469,1120
1671,114,335,604,1140
654,69,235,331,836
674,28,43,82,115
676,28,77,144,301
763,24,102,121,241
646,32,116,191,346
673,10,62,98,203
1193,72,292,428,981
855,22,120,150,362
933,31,113,138,232
716,28,102,159,311
1257,45,172,207,331
559,28,91,131,316
513,23,98,146,282
939,49,269,501,1179
617,25,137,210,454
1359,79,387,652,1239
698,25,110,89,289
1067,88,416,599,1711
1045,64,181,187,269
719,44,169,226,361
572,31,90,88,175
939,33,133,183,367
671,26,124,210,413
536,25,62,76,208
1071,66,220,448,1101
145616,5696,11601,11607,16414
754,35,83,111,200
107831,4300,8940,8774,12816
127,5,8,17,24
976,70,318,464,1171
356,12,53,76,184
785,52,191,307,659
863,40,142,169,318
1295,106,357,698,1657
1443,87,436,632,1534
1265,67,296,465,1045
584,25,84,128,322
371,19,82,118,218
111,0,16,28,83
1237,56,125,153,277
1223,71,322,514,1272
936,58,322,420,866
1450,55,143,207,415
650,21,107,165,383
959,69,306,574,1410
719,43,124,174,424
875,37,135,204,414
961,47,220,340,845
1003,28,127,220,508
919,57,240,499,1398
1065,44,127,140,314
796,53,164,284,627
1159,50,201,260,527
3117,174,870,1293,3052
792,59,332,513,1218
843,47,216,351,827
830,43,107,172,316
658,37,142,242,503
727,35,108,179,499
943,83,337,530,1201
730,35,126,162,304
1464,88,509,666,1538
463,28,55,61,132
918,29,104,188,472
985,104,474,1066,3394
1403,119,528,878,1898
2579,216,564,567,916
658,46,98,161,298
2161,135,506,1072,2840
522,20,117,150,389
1061,41,324,585,1454
74,6,30,60,95
568,18,68,84,205
907,31,138,204,481
721,39,210,332,869
1495,46,163,133,192
1186,38,83,88,165
946,49,134,83,142
1159,83,419,621,1409
562,17,56,118,287
882,70,286,564,2066
796,16,135,184,384
981,40,106,223,429
649,20,91,139,294
1509,98,531,809,1972
1462,97,406,710,1715
105544,3303,6748,6777,9663
961,26,70,42,57
340,14,39,50,113
356,20,50,79,146
657,51,405,743,1723
1019,66,396,615,1435
739,18,96,150,255
852,48,269,487,1075
892,36,122,204,401
753,36,103,119,212
857,57,276,401,936
1684,60,143,123,176
474,6,15,13,21
1108,80,545,844,2047
713,33,161,266,565
805,46,138,293,541
753,27,76,188,387
1035,88,302,432,1011
515,24,63,90,213
954,33,148,221,425
714,58,252,539,1436
701,14,151,185,397
1280,102,371,710,1515
805,40,140,244,348
1872,81,508,776,1643
728,48,202,242,572
1546,67,331,625,1328
139,2,15,43,75
1235,100,538,749,1765
936,33,137,186,292
865,39,151,231,514
1163,63,294,438,1026
400,22,76,107,302
485,16,40,140,270
1242,90,532,836,1869
1529,83,258,388,712
1160,84,337,500,1209
846,42,163,237,533
749,19,50,114,178
1681,81,313,510,1164
1445,96,302,467,1008
1070,98,261,316,547
1130,5,24,24,48
319,7,63,43,123
2248,188,921,1470,3675
944,39,142,175,316
661,23,104,123,273
839,36,88,149,231
61,4,19,27,78
1074,62,219,388,937
700,34,127,133,314
674,16,40,70,149
293,13,35,67,132
524,9,18,45,82
633,25,118,195,482
870,44,271,452,1069
788,29,108,153,344
1184,64,246,225,400
896,71,326,496,1025
1646,52,175,172,300
59,2,2,3,10
1700,88,416,684,1463
1087,88,288,445,899
1689,111,489,890,2024
723,36,101,147,217
537,29,102,136,371
690,58,240,423,1044
572,16,94,138,298
976,56,230,517,1056
635,31,79,129,211
669,32,130,128,289
1059,35,67,109,131
1173,62,107,86,126
767,36,127,191,432
822,28,96,111,190
1295,69,124,206,311
1142,17,80,110,128
1119,86,229,271,457
761,55,145,194,338
1268,114,283,318,565
881,63,275,504,1231
890,35,141,264,659
663,22,93,128,296
613,14,103,107,252
137444,4601,9806,10172,13959
592,33,102,127,245
137,6,24,57,164
1473,57,290,501,1141
83,0,17,45,82
853,19,138,166,246
1092,62,267,441,996
951,29,115,190,426
941,69,259,497,1084
1142,40,72,105,208
725,42,250,418,1003
1140,46,187,410,1054
2251,132,743,1222,3332
828,31,114,191,302
874,30,96,178,293
795,37,147,232,480
1421,60,345,478,940
564,61,228,455,972
1114,55,170,226,375
941,35,136,273,623
636,18,83,122,220
1104,17,46,55,85
902,44,165,264,476
1326,56,350,462,939
750,23,133,159,397
738,32,119,186,392
911,45,52,50,85
96,0,11,14,58
861,45,161,272,421
686,21,91,126,249
1028,43,342,453,1085
815,46,158,275,697
742,23,107,182,311
789,35,117,154,388
1360,84,442,700,1574
964,45,123,171,312
653,58,277,377,871
873,72,347,493,1183
1063,74,247,383,750
1481,98,409,723,1656
1557,75,397,696,1557
623,26,96,181,431
1126,71,231,279,489
807,59,240,388,939
773,43,183,368,842
726,54,345,899,3374
1084,77,208,230,339
1737,69,312,528,1220
658,39,153,202,377
747,23,116,192,480
1308,84,198,291,511
1011,42,179,461,1007
1183,101,452,779,1775
1148,70,327,526,1279
1549,67,451,623,1518
1047,72,373,629,1361
1061,62,225,302,447
1073,119,462,841,1871
850,62,451,1032,3044
765,34,141,132,238
916,23,165,191,338
1039,64,284,369,973
1055,60,176,254,365
1388,34,128,114,171
350,27,90,162,354
972,42,219,422,1011
189,1,27,19,63
862,61,231,372,833
735,34,182,221,368
1936,135,1041,1947,5337
1516,122,490,792,1852
190,4,44,63,93
870,35,151,190,389
1733,117,729,1144,2874
357,31,62,102,183
362,16,37,60,132
1049,94,612,1004,2693
750,35,144,184,346
706,55,157,254,544
733,49,283,504,1177
2228,142,322,467,672
862,40,169,208,349
284,20,62,114,313
884,33,115,137,271
2017,147,599,1051,2746
877,65,294,376,1007
673,53,226,412,926
528,44,107,139,329
1266,52,114,92,116
1053,44,127,187,421
950,48,188,251,512
706,27,125,167,281
699,23,110,121,302
1305,86,406,738,1591
633,36,159,334,729
591,26,94,107,339
544,10,92,88,188
1803,50,155,206,367
116,6,29,35,100
595,19,99,123,212
792,50,304,443,979
810,40,106,138,316
775,37,123,136,268
161,12,36,52,99
552,11,73,123,234
890,23,82,132,173
1550,85,217,283,454
772,19,70,145,257
1066,59,358,680,1669
936,51,258,436,997
899,63,392,607,1587
718,54,286,704,2333
731,32,76,114,217
446,21,68,87,214
599,22,59,132,258
673,25,120,131,284
1484,106,416,740,1650
515,12,57,110,199
676,42,105,143,266
1265,71,356,607,1368
2280,99,477,719,1587
1181,85,510,873,2388
1102,72,200,223,444
1437,55,116,150,218
1265,97,220,274,409
723,24,113,135,309
1192,49,163,201,405
1379,103,230,304,479
689,77,337,589,1457
1938,167,846,1363,3497
506,42,146,301,613
949,39,149,259,586
523,24,101,145,322
598,21,66,71,179
1157,58,308,503,1219
1093,84,419,683,1606
497,16,92,103,244
1556,63,217,544,1246
1042,52,116,197,326
1023,42,140,188,332
679,27,120,204,401
846,36,146,162,338
819,37,119,146,234
614,24,98,169,293
1340,39,107,90,142
776,75,302,528,1296
559,31,106,157,335
770,39,245,481,1050
619,38,99,171,358
898,46,86,143,236
1292,123,292,378,602
845,28,149,204,411
1448,19,127,199,385
876,70,283,481,1157
756,22,114,163,338
621,10,73,133,329
1254,61,175,186,298
699,33,62,101,168
1015,85,347,604,1455
693,39,124,169,394
621,18,96,144,262
1194,81,341,520,1169
2411,162,657,897,1964
1348,101,286,457,1081
596,28,73,151,315
1117,54,183,371,808
945,34,214,358,799
469,15,68,77,146
547,27,120,180,458
875,51,300,394,983
765,19,96,115,200
748,43,253,354,774
662,31,73,123,231
722,13,83,152,259
657,37,85,148,318
1000,38,249,387,808
465,13,33,80,188
588,30,111,248,624
988,73,206,349,830
824,22,104,140,271
1276,100,400,697,1644
1745,68,267,316,814
2403,156,598,857,1880
773,40,125,152,333
729,23,98,154,393
700,55,120,203,622
458,15,93,84,127
1225,125,497,833,1919
848,53,178,303,677
565,30,96,151,241
523,15,66,99,206
889,46,115,139,185
524,20,79,135,229
1090,96,323,442,1023
622,20,91,143,351
820,101,314,534,1297
1101,68,365,573,1251
1697,102,586,959,2272
1363,74,288,414,1046
704,27,135,155,364
1126,65,214,435,1020
850,55,106,167,244
326,21,39,65,99
469,33,60,103,215
1081,40,99,267,593
779,68,124,140,247
562,21,70,79,143
1405,70,288,502,1125
991,58,403,482,900
640,20,53,57,139
699,46,115,180,419
1794,36,129,192,299
1119,46,123,211,463
879,54,310,501,1217
709,21,184,325,707
453,17,91,117,203
1246,82,277,530,1232
135305,5335,11274,11621,16547
740,49,213,456,1005
790,61,231,399,862
420,21,74,142,286
820,26,87,135,279
846,57,188,353,783
776,19,48,58,101
757,25,105,137,282
682,22,93,174,307
255,12,29,59,98
1109,77,151,233,304
612,43,201,367,1029
1547,94,567,907,2012
2411,178,957,1557,3810
1756,128,500,873,2242
758,25,87,145,277
395,25,63,100,200
1035,43,255,369,658
810,61,406,683,1798
150,4,31,43,76
823,28,76,134,282
1671,60,150,203,336
1116,95,286,446,978
639,27,166,210,387
24,0,0,3,9
673,26,130,166,348
933,73,271,488,1044
442,20,93,100,224
1288,23,83,126,263
533,13,92,128,337
936,35,226,400,957
909,37,167,206,358
1476,108,370,763,1427
1396,82,425,715,1736
654,48,198,387,1223
589,16,46,108,183
906,20,119,180,438
573,22,103,217,463
829,45,134,209,481
702,46,223,403,966
606,31,78,118,289
1199,69,395,639,1484
651,39,103,148,333
757,30,133,211,422
1110,80,341,494,1334
327,20,95,196,367
781,52,262,650,1361
714,42,166,292,705
733,60,532,1190,3474
1224,109,439,765,1758
693,43,117,165,361
587,27,67,85,187
773,19,91,114,279
776,39,101,154,323
663,17,110,138,241
1031,107,351,567,1378
643,20,83,126,212
797,103,264,398,924
1596,33,78,110,185
196,7,7,29,57
630,32,122,139,321
764,32,99,139,253
650,18,69,98,200
651,20,50,69,127
708,21,36,75,146
690,22,75,111,289
618,16,110,102,282
1518,89,439,761,1686
574,14,82,145,252
563,35,132,294,708
1155,30,83,94,176
678,56,259,441,1184
765,63,135,224,444
1068,92,268,309,519
684,35,93,191,325
654,6,56,63,164
413,16,67,75,173
558,23,81,71,181
1378,49,90,87,96
633,13,52,72,106
1086,68,219,398,921
271,5,34,30,84
1344,54,98,92,117
842,41,207,391,833
743,17,135,159,329
854,20,126,196,383
623,39,105,121,242
1104,65,250,485,1068
785,28,106,151,314
1086,56,179,328,751
435,26,77,110,255
1546,78,228,392,748
1115,70,209,254,418
1230,131,343,559,1194
756,47,237,344,555
797,40,155,199,461
670,30,223,403,1044
1262,71,291,521,1153
622,12,45,76,179
756,35,115,144,299
927,84,371,487,1287
630,12,73,154,305
593,36,130,201,385
791,23,53,93,176
788,20,53,90,158
1253,53,125,185,296
833,32,59,94,151
1261,61,342,552,1317
537,22,87,181,397
915,50,286,480,1204
679,22,74,164,273
295,2,55,76,103
1416,56,168,253,491
44,3,8,14,40
712,14,83,161,346
1515,69,362,632,1454
1104,35,170,272,510
423,28,79,167,263
1290,47,200,198,459
1270,82,237,288,649
888,73,488,717,1689
576,22,120,153,368
1871,81,364,586,1026
591,33,149,215,410
1303,83,475,771,1889
843,33,86,136,288
1318,106,233,332,502
1075,54,219,360,857
619,41,97,134,303
515,17,28,36,58
753,27,111,144,266
708,21,77,121,224
644,37,201,381,1037
884,64,245,343,681
850,31,116,169,383
777,24,77,116,289
596,20,103,143,330
1187,60,92,95,98
393,24,40,74,155
364,11,50,57,140
603,27,72,94,185
799,29,134,198,423
652,30,101,147,368
614,27,126,176,336
632,15,50,81,157
726,25,120,248,394
614,20,106,126,251
697,48,230,410,870
885,33,178,219,389
1157,79,325,582,1199
933,55,257,521,1102
814,26,105,175,348
754,21,127,201,355
1060,66,237,284,415
608,21,97,136,340
604,22,56,137,401
1437,93,269,433,978
103417,2151,3911,4536,6400
721,77,376,661,1541
848,30,109,121,324
741,32,145,195,363
814,29,138,209,426
726,21,112,167,293
821,27,112,164,310
492,26,90,166,343
558,26,46,36,54
301,10,55,56,171
946,78,188,223,365
1556,84,215,309,472
845,19,157,266,689
314,9,44,54,135
1491,33,159,298,740
348,8,41,52,76
699,57,141,301,613
1324,82,368,602,1446
685,34,74,127,285
1170,73,250,283,429
644,21,127,172,375
1382,33,62,82,110
1298,46,128,247,476
413,25,95,122,293
602,36,165,208,387
1057,54,318,558,1264
609,35,134,253,625
511,18,40,47,84
852,36,244,452,1048
528,17,37,85,165
1324,38,122,108,110
435,29,83,89,217
780,43,117,191,410
703,42,97,136,302
1645,101,491,1007,3173
698,65,279,487,1103
798,55,273,395,851
486,13,101,111,255
1237,67,279,469,1091
834,55,121,193,250
410,28,63,82,202
1344,60,331,541,1272
540,12,53,140,239
780,62,174,247,525
274,24,39,61,160
1009,13,33,80,210
70,0,4,7,15
1582,96,631,923,2368
1055,74,256,447,950
569,28,97,147,313
1278,46,91,123,229
724,34,228,394,936
1205,107,439,746,1947
1257,78,367,643,1304
1187,26,73,85,74
686,22,72,123,269
663,41,115,123,292
1184,74,398,669,1613
695,51,125,215,427
705,25,66,99,171
680,48,176,264,452
671,28,105,150,263
1420,103,477,651,1352
908,45,208,270,662
691,46,277,501,1178
1524,113,600,974,2442
702,39,238,447,1039
646,20,91,74,201
1094,112,413,743,1667
561,27,68,97,215
1476,83,259,397,912
1167,59,199,328,865
895,66,319,447,1070
454,22,51,95,160
447,23,79,119,262
518,30,73,120,247
950,38,60,70,96
865,61,310,480,1093
763,31,127,187,387
526,24,127,176,338
1238,85,361,577,1373
660,25,120,170,329
378,15,69,117,272
316,9,32,54,125
670,21,128,146,396
726,23,113,182,353
448,68,243,431,888
1096,49,207,465,995
17,1,3,8,31
754,29,117,149,314
1145,86,362,511,1428
662,20,106,160,298
902,29,101,113,161
341,16,65,72,168
997,35,75,83,106
827,40,147,186,443
1488,85,445,786,1814
767,33,95,174,377
522,32,82,83,193
1106,84,356,621,1478
659,19,72,126,238
590,29,123,181,441
727,35,98,149,321
481,40,94,139,269
707,23,57,61,78
163,7,9,21,24
731,73,280,516,1242
467,14,59,108,343
1010,36,189,229,484
854,36,188,318,850
549,12,103,143,334
609,30,108,170,259
765,64,241,460,1011
1019,45,89,73,115
1211,29,58,68,90
1157,70,285,470,962
560,26,81,112,178
510,47,159,288,773
1427,94,327,642,1409
1225,88,277,513,1129
847,67,295,393,749
481,20,53,99,169
730,76,374,825,1804
700,44,239,405,1034
31,7,15,43,52
590,60,221,468,883
878,54,224,450,953
656,24,124,158,250
590,26,140,207,425
965,76,305,504,1207
534,20,93,146,227
616,17,48,76,154
512,26,58,98,194
813,46,108,152,317
1363,19,47,60,121
784,33,174,230,478
722,24,119,227,539
1047,62,471,1072,3784
478,34,104,173,371
1210,38,171,160,239
772,51,185,207,323
1250,94,288,494,1035
935,53,305,744,2468
2323,107,427,530,1259
1188,73,308,565,1382
270,10,138,246,926
492,33,165,209,492
1655,77,302,381,773
555,9,58,74,132
545,27,49,55,56
899,48,343,614,1457
627,27,127,172,436
420,8,29,31,90
856,67,236,373,864
1164,62,204,217,366
872,69,287,419,904
994,36,149,230,530
1678,79,255,298,759
1393,90,257,414,855
601,18,41,72,194
633,27,97,134,248
513,19,53,89,242
361,18,63,129,245
776,52,175,411,1279
628,30,105,100,250
670,101,199,295,830
565,25,41,95,226
1661,87,342,492,1017
103,3,26,45,124
958,80,317,576,1248
699,42,207,287,779
501,16,88,99,175
559,18,76,120,213
1762,84,446,793,1715
671,21,89,100,244
878,68,453,768,2313
663,85,320,523,1206
547,34,52,75,158
1291,87,350,599,1332
525,44,285,600,1796
605,23,84,109,215
350,9,49,79,176
1128,37,130,142,210
902,26,120,143,193
986,76,332,601,1292
682,34,210,433,1259
720,127,220,397,915
536,29,89,146,332
561,22,138,194,394
1783,76,300,468,1079
379,37,208,360,788
908,69,223,417,1103
1024,65,260,418,1121
497,34,113,124,295
652,23,76,90,242
1144,31,221,300,854
657,19,107,137,230
565,26,98,189,402
975,58,261,376,1032
587,53,149,136,242
959,78,172,257,431
198,8,44,51,74
626,54,226,517,1285
1245,53,170,334,772
863,72,296,508,1219
418,16,54,77,160
455,23,34,76,170
502,36,66,74,111
978,42,68,44,66
578,19,103,153,325
717,3,59,76,167
1132,106,459,723,1636
577,32,70,115,195
1049,56,296,480,1088
111074,4146,9504,9420,13257
197,13,26,19,37
714,22,55,46,81
830,26,123,156,328
1451,81,385,556,1499
652,40,106,173,379
603,27,104,105,235
679,31,60,74,91
61,3,28,43,88
1133,74,332,744,1600
711,45,219,452,1156
802,34,130,206,383
408,17,99,123,229
793,35,92,145,338
1122,67,228,227,399
166,9,50,45,76
758,31,89,152,317
670,16,61,129,212
917,54,150,229,380
556,30,116,157,334
517,40,68,82,192
1423,64,171,223,306
1537,89,232,318,517
1269,52,115,110,126
649,23,67,147,220
486,25,38,47,67
75,2,23,49,156
1078,83,378,636,1478
1331,71,291,473,912
1228,63,250,361,693
695,20,101,127,371
1276,86,464,698,1646
530,23,78,101,254
537,19,83,110,206
1173,34,142,133,220
1093,54,244,378,965
464,22,40,44,87
174,7,33,69,78
878,27,185,366,826
781,37,98,147,303
1529,72,276,546,1164
1295,49,229,402,957
1119,70,222,434,953
1534,80,325,389,902
615,18,29,30,78
873,44,142,220,570
368,19,47,105,218
674,14,75,85,202
745,55,229,391,825
337,13,59,108,218
500,58,311,541,1383
827,53,267,558,1325
1094,72,306,436,1085
859,54,197,304,769
658,49,155,193,462
519,26,53,110,154
1078,73,301,419,871
581597,29062,80622,95090,148523
850,57,131,163,280
1003,21,131,127,221
675,25,71,108,259
862,60,257,386,684
1510,107,306,365,543
471,20,100,141,209
1273,37,133,234,425
404,8,52,94,218
1003,42,259,514,1763
699,26,164,175,349
669,32,206,332,835
754,39,106,188,344
1574,59,242,361,883
657,48,93,158,312
1356,54,98,98,96
713,58,273,455,1035
177,0,32,61,186
854,90,369,540,1250
468,20,137,142,376
1697,81,285,446,920
782,82,262,356,821
2358,210,542,747,1346
2258,133,444,679,1510
534,16,111,130,338
616,38,143,188,408
550,22,82,125,181
942,54,186,276,660
1102,57,209,373,818
648,11,21,28,43
609,10,57,84,177
270,5,4,2,5
957,71,362,627,1700
521,29,112,170,275
2072,86,239,348,843
614,20,115,189,294
1142,90,379,740,1840
593,12,129,191,420
1169,65,253,393,729
1002,57,233,424,1031
621,24,104,123,269
1117,33,159,91,118
1731,37,129,166,401
162,5,31,89,390
358,13,72,93,266
513,32,76,93,204
680,16,88,143,288
679,39,280,540,1362
694,38,256,384,999
865,56,279,389,927
662,53,141,301,623
1102,95,409,664,1500
864,40,269,377,917
1552,91,365,507,1083
756,24,109,265,510
245,6,8,31,51
1167,70,350,543,1269
690,71,369,636,1279
792,51,347,510,1258
1121,39,136,255,580
1533,126,447,720,1749
714,35,99,106,215
1010,45,172,216,355
719,22,62,109,188
340,25,63,131,284
531,22,72,79,157
442,18,33,33,56
707,49,257,467,922
630,27,92,122,286
1174,79,480,686,1699
1171,72,270,478,1094
587,8,76,118,224
291,20,45,56,58
518,14,54,79,198
872,52,307,487,1199
1642,114,532,889,2123
624,11,78,129,266
584,25,88,154,352
1112,64,308,508,1205
1743,86,294,471,1073
1027,47,80,87,87
964,66,344,546,1363
799,22,123,241,590
599,25,102,133,225
565,16,86,157,381
610,25,83,88,210
639,23,114,140,271
992,91,349,511,1315
898,45,100,170,311
106514,1885,3480,4162,6072
391,14,16,35,32
670,19,106,159,357
629,22,85,120,230
608,30,92,128,269
719,12,65,116,230
603,10,28,30,106
864,24,175,224,475
248,21,54,79,143
710,45,305,491,1155
654,24,91,135,219
703,20,54,94,190
3044,158,668,1003,2254
581,11,60,93,173
604,33,212,347,814
1601,60,368,633,1603
706,39,109,168,324
1927,69,335,528,1325
551,24,54,59,88
1347,139,876,1760,5097
441,22,116,186,402
475,28,88,105,285
119,3,12,34,76
1135,37,71,72,76
513,21,77,142,290
588,7,20,10,13
611,50,173,352,804
683,44,236,340,795
1049,37,148,247,486
499,35,139,247,543
1110,80,331,509,1196
1070,33,225,324,687
910,35,175,323,687
1092,53,57,66,102
1234,51,202,370,791
666,69,325,637,1396
647,22,143,225,574
377,28,139,197,513
633,25,133,227,530
643,12,74,97,192
502,17,80,120,184
1357,80,461,728,1802
697,29,134,170,384
1347,73,254,299,530
1128,41,81,69,111
555,37,97,132,333
759,29,56,58,60
1322,61,307,466,1210
1195,35,132,166,438
1873,103,230,360,770
767,42,158,236,539
716,73,328,495,1160
1312,55,378,644,1418
509,19,94,94,176
586,16,44,53,108
882,28,109,181,443
1059,91,322,446,1155
1095,67,277,315,544
753,62,379,688,1586
758,31,116,224,571
491,15,48,80,144
1649,71,411,720,1460
716,21,55,86,133
747,27,84,107,165
1265,61,230,371,839
691,32,115,158,358
985,66,166,273,589
373,24,62,66,150
644,33,132,216,354
1536,110,262,525,1003
662,28,100,132,257
564,13,102,117,198
638,37,53,71,75
842,9,20,7,19
1051,79,402,611,1516
1082,70,339,596,1363
761,45,196,400,876
667,38,243,376,979
774,46,235,352,772
466,11,105,114,232
457,41,147,189,455
1269,53,87,86,100
1080,70,216,365,863
426,7,24,56,106
454,8,49,31,93
620,15,73,109,192
586,45,115,181,222
812,50,164,280,621
534,23,69,117,208
661,22,121,183,419
553,20,83,145,304
1382,99,520,846,1987
1031,61,321,552,1422
597,55,115,183,375
429,27,71,70,133
215,15,57,98,200
368,6,45,46,98
713,62,242,516,1043
574,16,46,71,137
96237,2844,6210,6783,9718
1336,50,282,439,1024
1130,62,214,467,1132
1064,80,366,583,1410
482,39,99,184,374
987,86,322,471,1088
702,16,99,128,307
458,20,38,51,72
584,15,93,98,280
554,16,125,147,341
411,3,18,42,110
480,12,37,75,159
932,70,246,440,1074
25,4,2,5,9
2125,110,428,655,1342
1771,88,350,495,1082
751,35,123,176,413
770,37,147,220,451
675,24,105,132,176
828,45,93,159,343
556,52,319,466,1041
831,27,119,172,418
901,21,49,89,152
654,15,89,144,315
767,41,130,236,569
740,23,71,106,197
1121,80,387,777,1823
462,12,51,92,178
738,25,89,126,227
677,26,89,124,267
655,37,45,71,95
1104,76,276,527,1190
580,26,75,171,317
811,48,297,493,1221
519,8,94,129,292
723,35,81,84,214
695,47,195,360,814
579,33,88,111,221
705,33,127,134,211
3369,195,714,1255,2611
1161,91,249,315,475
573,86,208,385,1033
1286,82,204,301,683
713,16,84,172,402
309,6,36,70,147
94,10,32,50,122
566,13,88,113,204
798,26,137,300,655
583,33,89,131,269
614,30,84,127,255
638,24,101,175,344
631,31,96,110,267
1053,40,162,286,578
655,56,213,333,757
873,35,144,223,454
635,21,59,81,228
405,8,39,37,66
134,7,10,5,9
1247,44,121,110,221
1089,90,295,607,1340
1088,61,328,506,1125
1189,97,398,695,1610
957,56,202,222,511
1580,99,231,328,428
534,45,108,155,267
544,14,72,82,188
635,11,11,46,86
396,18,30,31,74
777,46,257,515,1213
285,14,48,79,123
521,29,89,142,310
1027,79,291,498,1112
1200,46,217,315,657
614,28,72,136,303
667,27,83,103,263
1105,94,231,308,520
1087,50,164,245,573
505,12,24,65,132
134,6,16,38,109
803,48,251,439,881
828,15,76,116,242
1011,69,277,503,1182
488,17,70,69,133
1145,38,81,84,95
415,26,112,112,252
602,49,247,425,944
577,30,127,139,288
582,19,84,97,241
468,17,63,89,210
128501,4634,10479,10979,15206
2443,97,375,530,1186
287,6,14,20,44
1231,39,44,84,134
139645,4208,9191,10624,14684
632,21,58,119,263
571,25,124,172,348
1192,19,57,83,168
436,8,63,53,78
340,22,124,193,414
622,35,185,240,674
49,0,12,7,9
82,4,37,55,146
421,18,95,101,267
698,34,139,218,563
1059,51,144,235,493
640,30,144,206,467
515,12,70,98,182
550,11,45,85,180
667,35,241,419,955
184,4,17,25,63
761,63,153,280,574
589,23,101,172,353
593,18,97,124,219
493,12,63,103,193
1044,66,341,512,1166
463,18,65,69,234
1076,65,102,82,87
646,45,80,128,335
216,7,42,69,78
608,57,253,541,1122
886,51,195,309,607
663,33,77,125,262
516,40,148,228,514
534,26,96,171,418
428,19,45,71,150
1162,48,129,130,150
348,30,79,105,182
991,28,74,66,72
140643,4551,10405,11017,16040
625,15,73,91,270
813,53,272,663,2122
673,47,213,422,873
1556,66,276,447,931
331,16,82,103,274
574,28,208,340,742
482,25,88,129,286
554,8,46,64,143
266,7,71,95,213
682,54,218,415,938
804,51,150,213,436
605,49,217,329,919
1478,53,202,326,730
570,37,127,252,614
689,22,68,122,284
762,35,172,192,372
762,48,169,269,562
499,20,82,137,381
1616,89,206,271,354
1099,41,81,115,142
433,4,18,44,94
2207,38,83,171,216
463,8,20,42,62
1435,89,393,754,1587
1256,99,435,759,1485
421,37,75,162,254
1220,54,136,90,137
500,12,50,73,192
507,27,39,92,201
637,21,101,161,347
457,12,55,58,107
551,27,80,151,302
244,8,31,63,115
762,30,124,134,231
1035,18,92,101,137
583,26,47,55,82
588,8,21,19,30
802,38,238,466,1107
1449,83,352,674,1397
938,34,195,346,713
906,32,151,201,391
598,26,85,177,366
651,22,35,62,141
535,16,71,136,285
1405,62,162,262,610
526,29,80,132,298
1119,44,165,192,371
559,7,49,130,344
1147,130,232,272,459
222,3,1,0,0
805,36,219,398,1176
633,30,78,127,216
774,58,171,333,688
1155,57,109,93,117
402,17,27,82,229
124485,3875,7862,8090,11627
131259,4101,7866,8671,11990
962,99,335,595,1428
767,34,121,226,631
518,22,114,86,175
749,39,155,214,507
433,20,98,124,244
501,10,74,110,260
502,21,80,127,237
462,16,64,92,200
1717,79,299,351,747
661,27,139,188,377
642,21,95,127,295
1222,53,140,198,325
417,4,12,33,112
52,5,14,17,71
699,97,517,1202,4725
602,26,134,172,409
991,47,269,391,965
473,32,94,159,306
787,53,160,180,327
1296,66,198,286,483
1121,85,235,261,384
516,37,155,297,679
483,34,149,276,582
631,30,93,95,256
1585,86,376,555,1298
1031,65,331,479,1069
675,43,218,649,2340
558,24,128,159,330
562,34,88,144,277
619,30,32,87,108
601,19,82,148,300
533,27,82,72,183
815,19,95,181,324
647,18,82,134,248
623,43,129,141,287
856,39,175,250,598
510,6,33,54,97
354,11,69,86,163
457,26,68,114,170
1466,64,265,287,689
1455,72,331,587,1572
1983,158,655,1018,2533
324,12,40,51,115
429,13,69,107,257
445,11,55,88,232
349,16,56,54,135
435,16,55,97,218
1084,59,151,230,345
1347,21,74,139,188
530,8,63,133,272
890,45,148,265,580
573,18,123,222,545
69,3,16,36,78
456,15,67,99,201
1678,56,217,306,782
1236,57,71,74,98
517,26,84,135,332
620,22,78,106,208
695,27,129,213,486
527,22,52,71,194
950,59,166,155,248
1152,28,107,161,456
610,41,105,154,387
961,86,303,633,1936
616,45,151,256,567
74,2,12,47,87
582,16,89,115,283
718,41,130,165,337
631,17,71,138,289
553,20,37,38,55
305,7,16,42,93
1177,33,53,56,70
406,9,60,117,321
358,14,48,59,141
857,72,286,432,1031
712,13,63,88,185
497,23,87,118,241
567,26,80,168,260
854,29,116,197,422
533,9,46,74,169
1613,72,257,387,908
487,14,57,84,155
308,6,20,31,69
537,10,40,77,159
922,21,118,165,344
124283,4208,8486,8869,12310
15,0,2,8,12
680,18,47,32,62
678,16,167,280,660
479,25,81,159,321
1132,51,341,599,1370
1304,75,450,610,1487
402,16,61,112,196
521,18,85,183,353
735,20,80,167,416
959,36,151,306,610
94,1,10,29,52
233,25,83,158,387
600,41,46,71,131
1361,43,96,156,244
580,51,191,315,696
550,34,111,143,279
383,9,38,76,154
494,31,118,157,232
1177,51,76,61,87
840,29,164,288,630
684,14,104,89,159
472,20,95,148,289
1193,27,64,67,151
448,12,40,63,147
96659,3274,7227,8000,11028
244,19,14,25,28
575,21,193,304,664
459,26,56,122,218
377,4,40,32,90
1228,47,177,259,589
906,76,425,735,1740
362,8,33,51,89
579,20,95,144,229
889,65,303,554,1416
490,20,66,79,163
633,16,77,125,194
941,52,129,143,302
856,44,145,321,912
1124,56,236,448,997
736,42,83,79,120
327,23,58,88,220
473,5,12,19,49
723,16,39,50,101
781,57,229,351,935
473,26,84,103,220
468,26,142,237,419
777,30,96,199,352
635,45,96,72,114
2412,122,548,742,1666
305,6,24,41,95
1240,59,77,93,110
1188,41,195,291,897
537,8,77,124,253
199,2,0,0,1
1661,61,320,608,1172
1768,61,341,503,1128
525,12,78,107,233
432,7,57,76,189
502,11,27,67,92
1205,63,186,277,632
1172,33,69,57,78
222,6,10,39,62
273,6,34,42,94
517,31,99,288,600
902,31,168,233,574
462,19,67,121,247
688,71,493,1090,3567
1884,111,451,611,1367
946,29,169,214,488
514,12,75,103,172
321,24,128,271,825
860,32,120,144,387
552,44,153,178,366
85,8,19,50,146
990,42,188,330,723
1521,74,224,442,842
479,22,58,111,242
583,29,118,129,259
875,35,241,341,812
1305,83,195,253,438
495,6,50,84,216
925,41,84,69,155
783,22,146,201,367
367,15,19,26,29
430,23,119,191,535
607,50,135,216,448
1538,48,209,319,705
386,9,76,119,223
461,16,66,97,191
585,24,94,104,286
546,34,78,116,230
1342,41,142,135,222
485,20,116,146,313
348,12,77,115,246
1225,37,160,229,568
1481,120,616,1255,3227
784,63,240,363,775
1086,67,286,540,1265
537,14,109,122,338
563,27,120,196,447
578,61,240,417,750
323,12,62,141,343
916,53,184,284,551
169326,7533,17156,18608,31219
376,23,66,83,161
1245,66,134,217,328
805,55,85,70,92
48,5,32,61,154
598,38,286,422,988
541,36,146,305,730
719,17,95,131,273
624,12,91,132,233
895,20,128,160,351
360,5,41,52,86
730,21,80,135,292
593,20,91,156,277
718,32,204,330,808
1137,41,166,235,333
356,12,38,74,121
373,14,136,193,538
550,41,178,282,646
644,46,214,389,967
510,25,86,106,198
1834,121,796,1649,5301
937,36,169,260,511
524,9,55,79,160
860,46,175,267,710
483,14,30,41,51
96674,3799,8034,8194,11406
302,7,36,79,204
927,31,62,43,42
695,35,190,363,833
755,37,174,267,571
94,1,30,31,91
495,22,79,92,183
785,49,158,218,500
434,30,138,223,616
559,53,155,238,546
533,20,67,55,95
560,14,87,94,259
1202,65,188,305,706
539,30,66,84,180
1011,46,86,71,104
698,25,132,160,353
415,20,51,70,175
682,43,159,228,535
614,6,64,90,136
447,9,96,132,259
490,14,41,35,140
434,32,70,92,203
560,41,174,300,620
742,37,136,229,477
337,21,72,124,264
333,10,48,116,225
472,30,78,103,244
685,34,148,265,645
237,10,40,66,105
353,32,171,165,336
1934,217,838,1473,3056
1111,26,76,63,97
918,37,187,275,551
789,36,184,238,510
531,25,99,130,319
462,5,21,25,58
79144,2323,4698,5509,7451
498,8,79,131,291
559,25,82,109,231
395,30,109,158,300
779,47,140,122,249
341,8,19,35,70
1175,33,76,125,232
580,36,182,317,781
811,61,242,365,824
462,28,132,280,702
743,25,48,72,136
456,29,103,138,319
315,16,90,164,271
514,24,85,108,203
677,38,199,265,611
384,7,42,51,104
972,179,444,668,1791
8,2,1,10,8
118585,4113,9128,10033,14316
1284,68,98,185,289
282,13,70,74,155
533,38,96,127,322
496,11,102,112,268
508,29,110,158,383
284,7,51,99,147
508,19,46,95,232
508,19,64,121,237
870,54,103,150,229
1430,43,147,245,530
964,47,104,87,132
1056,87,246,300,475
581,23,56,123,255
459,12,34,59,106
165,8,10,17,12
1005,49,82,140,222
866,24,73,87,149
172,14,22,30,54
621,18,74,85,203
372,16,43,67,171
385,12,63,104,193
1036,75,189,245,506
438,8,21,35,83
1427,109,235,280,459
1287,89,214,273,436
993,70,334,627,1468
765,34,85,131,273
136,12,30,57,210
357,11,70,134,239
441,8,76,92,213
909,55,219,209,434
358,4,61,91,195
863,44,334,528,1533
330,19,66,68,186
378,8,45,93,187
416,13,57,108,280
639,24,95,170,373
539,15,64,114,286
273,4,14,42,100
450,25,67,135,323
387,21,75,127,261
1492,71,289,335,701
497,27,150,287,744
93,3,15,22,63
962,83,250,249,440
383,5,48,65,131
535,48,155,202,438
540,16,86,102,184
1889,161,797,1216,3191
387,13,42,59,131
1094,77,120,154,262
1611,53,172,267,721
845,32,133,214,456
621,24,103,152,324
463,11,66,99,181
328,6,40,42,107
471,18,89,135,334
467,8,41,76,113
608,36,61,80,97
588,47,68,51,87
737,41,54,53,83
800,26,65,131,277
436,18,44,82,130
92,5,38,116,219
355,19,65,124,349
474,30,70,151,387
1512,104,662,1026,2554
443,8,55,112,214
572,36,102,113,209
1086,25,118,55,95
373,13,82,110,183
770,98,279,608,1481
467,11,60,71,164
1180,95,208,229,433
383,12,26,44,89
93368,1274,2373,3260,4411
118369,1894,3708,5006,7192
663,23,127,185,398
523,17,89,121,246
1942,104,430,587,1221
453,14,54,93,158
655,120,290,504,1265
399,19,50,114,160
570,28,101,235,550
1054,60,182,262,548
125,0,13,14,17
388,23,69,105,266
231,17,76,108,325
489,26,72,75,192
1527,70,197,278,496
1287,70,163,208,307
476,4,16,38,73
731,40,89,195,418
387,8,55,73,68
220,9,40,52,110
816,14,31,50,100
390,16,60,88,184
627,40,239,416,1275
327,17,92,147,369
681,30,63,48,80
492,25,37,37,59
421,25,67,108,253
465,19,111,144,311
297,3,8,10,19
381,15,59,68,160
741,32,135,248,659
1527,86,327,487,1091
395,14,76,56,135
1015,46,136,190,431
1423,33,111,139,212
450,21,67,67,143
534,13,38,44,119
1014,38,199,261,589
340,16,56,115,209
516,39,119,249,488
1394,69,285,472,1190
644,138,202,408,1016
215,19,38,47,103
766,33,159,216,347
1153,84,307,460,1052
528,39,142,189,471
504,10,43,54,139
505,26,54,79,181
713,33,186,300,692
1302,38,169,210,516
1372,81,259,297,570
519,24,41,44,65
1042,73,180,231,422
245,7,22,25,45
832,60,114,215,551
563,26,156,302,664
590,23,98,108,226
939,45,166,261,668
404,18,63,104,217
453,12,48,79,179
419,25,88,126,315
525,20,80,104,193
1063,52,166,275,559
570,28,77,68,88
599,35,53,117,286
975,5,26,42,81
721,14,37,27,56
445,9,40,74,152
192,11,34,34,61
643,36,156,270,744
129,4,18,28,71
286,16,37,63,143
718,30,133,211,524
504,12,49,82,166
437,6,38,85,233
491,21,55,97,166
534,7,71,92,222
1152,33,103,73,100
414,18,53,55,165
165,3,3,9,1
495,32,141,153,289
858,43,178,342,777
551,62,187,257,519
659,29,230,307,723
635,32,57,131,292
92088,3260,6938,7184,9641
1293,41,119,141,179
657,34,84,78,103
1010,31,52,38,92
1208,38,86,71,86
118802,3861,9208,9876,13965
534,19,50,97,139
684,40,69,102,226
596,14,65,85,112
101965,3808,8110,8588,12053
536,15,41,56,96
1160,73,370,625,1372
876,54,205,348,747
383,30,101,128,307
433,14,63,71,134
438,44,73,92,226
404,22,54,55,125
550,17,52,81,106
148,4,20,33,86
1519,83,193,258,740
383,20,70,121,314
424,18,45,89,157
354,28,69,152,299
940,58,260,453,1023
402,10,62,82,182
409,11,51,56,145
486,26,97,95,200
405,22,90,109,190
619,30,101,123,314
1249,37,244,344,698
630,27,90,155,331
185,2,0,0,2
629,26,59,61,135
251,10,20,50,119
1047,36,110,182,280
1295,121,330,483,950
409,13,116,150,350
512,21,66,101,174
356,22,63,97,249
286,25,106,253,692
721,46,126,142,271
247,10,42,64,123
408,19,53,65,144
608,16,21,32,36
804,55,205,290,744
809,66,250,360,811
1550,69,243,370,839
399,21,55,103,171
454,25,81,115,226
768,20,82,110,269
832,59,213,245,422
545,22,87,114,265
225,5,41,38,95
97158,2458,4929,4954,7047
451,7,34,32,81
247,22,110,155,358
284,9,40,91,189
735,46,155,163,394
1146,44,197,391,1070
518,33,104,139,353
226065,13554,38576,47653,75548
130,9,4,18,32
41,2,17,10,44
735,89,237,360,835
395,21,47,56,172
348,13,70,83,244
1494,55,157,222,380
480,9,61,111,225
958,43,193,365,925
610,18,92,122,292
375,16,47,79,165
414,18,74,129,280
446,53,185,267,596
582,39,166,317,814
448,17,90,94,277
362,20,130,201,511
277,8,50,67,176
282,22,70,59,169
472,22,35,59,149
803,25,55,109,276
904,10,44,89,192
511,45,278,548,1663
745,13,84,118,361
1727,88,332,415,981
746,42,188,432,984
626,43,173,261,676
564,13,67,100,329
324,24,55,68,186
519,15,78,114,227
675,30,139,124,294
167,3,6,6,13
164,1,18,49,99
298,13,70,73,179
374,12,86,95,265
399,21,109,166,362
474,17,68,110,242
418,13,80,73,150
438,19,73,81,126
490,11,56,66,159
215,9,62,63,162
603,11,76,64,86
666,11,48,58,113
230,6,97,146,313
621,30,131,192,404
280,11,46,61,139
630,25,78,104,172
333,6,20,37,67
266,8,21,35,85
168,9,16,26,52
1187,58,114,164,303
1892,96,226,284,413
22,0,4,14,30
483,12,37,105,212
820,43,143,174,343
668,23,104,178,310
445,33,139,281,616
165,1,3,5,1
453,25,95,139,223
268,16,56,85,213
562,17,80,102,209
321,9,48,102,261
389,35,62,106,334
312,14,44,61,151
627,34,161,277,549
432,10,57,85,188
657,48,165,198,473
407,16,56,113,235
616,23,163,274,586
471,13,40,94,148
482,27,117,181,415
358,1,27,27,67
102709,3413,7288,7130,10196
872,10,44,57,77
429,3,27,35,59
370,20,60,106,265
631,15,81,89,169
375,11,48,55,152
502,51,127,186,360
448,32,73,91,138
841,16,82,68,74
515,13,82,158,354
87,7,24,33,118
1082,49,210,256,380
293,4,28,63,98
230,9,57,81,257
669,14,49,80,95
553,49,258,422,1022
489,25,75,119,192
580,21,118,109,218
1173,66,202,267,654
291,12,55,64,164
312,17,37,75,158
215,14,51,87,158
389,21,20,39,68
175,0,6,3,1
478,55,262,411,957
642,42,158,285,635
315,2,11,42,83
904,55,149,265,454
408,9,51,102,249
594,35,172,251,825
777,82,195,202,332
52,1,8,17,42
1965,139,409,586,1376
396,17,107,164,312
430,12,73,89,228
325,13,37,52,133
530,12,46,98,218
517,26,96,147,350
548,41,125,201,359
1007,57,230,221,429
323,19,77,120,237
359,16,70,100,213
1052,25,89,132,292
215,9,6,2,0
542,20,69,93,190
752,106,247,341,981
341,30,92,140,269
1542,62,216,306,756
100611,3238,6772,6870,9693
198,3,11,5,3
526,33,199,312,667
486,25,116,228,478
399,8,36,60,100
397,28,104,127,256
262,8,60,110,292
400,6,32,54,98
1515,82,188,341,699
122,5,37,47,106
72,6,23,61,116
477,13,87,100,238
818,41,165,241,489
273,17,93,143,305
406,19,74,128,263
932,36,84,94,203
506,23,94,158,406
601,33,76,115,202
408,11,60,88,214
932,34,75,60,93
668,22,93,169,345
938,25,68,45,92
1383,34,176,257,618
529,7,47,73,182
309,10,115,120,303
304,6,37,41,78
389,12,73,85,197
491,16,63,79,213
366,10,51,78,156
528,31,157,190,420
1026,48,178,273,468
415,16,30,53,76
299,29,60,95,198
575,35,93,222,426
984,53,102,90,115
230,7,25,35,114
282,22,50,62,117
567,11,17,36,34
133,15,24,47,117
494,26,156,320,748
453,25,151,174,370
1433,75,305,539,1149
610,16,118,223,509
586,22,63,119,261
468,14,67,117,302
215,30,138,276,594
363,19,66,97,168
412,21,75,82,195
635,23,48,48,79
1412,29,78,94,183
167,9,44,62,119
75,6,13,19,53
762,57,265,362,894
852,28,149,167,342
1019,67,184,213,430
686,132,272,460,1228
432,12,57,92,141
326,3,19,44,78
112846,3626,8045,8385,11690
296,10,21,36,66
388,12,46,70,130
320,30,79,173,399
433,18,73,92,169
256,11,40,41,77
270,7,13,13,3
630,48,151,184,252
884,44,143,228,371
96,9,6,13,18
984,51,167,264,654
506,20,78,76,172
253,8,49,110,236
178,5,20,45,114
176,10,44,50,140
561,50,170,293,751
309,6,45,64,164
479,13,66,71,205
472,27,78,80,179
657,73,168,288,693
433,28,84,140,307
351,37,125,153,416
523,17,111,108,282
403,11,35,74,99
230,10,35,31,69
693,33,85,79,153
482,17,53,70,177
1959,94,479,684,1438
550,36,40,44,91
248,10,39,84,210
428,14,54,101,193
511,19,42,75,144
490,20,53,70,95
437,30,73,141,397
541,35,72,117,290
245,3,31,50,168
238,4,1,7,1
191,8,35,65,154
101663,2760,5335,6665,10087
1004,30,101,147,320
272,15,39,98,260
460,40,372,693,2639
465,20,78,80,180
461,24,87,79,186
772,25,141,193,358
1147,73,255,312,734
136262,4369,9811,10438,14346
29,0,4,24,78
498,3,39,112,420
489,20,168,237,609
398,10,43,110,239
369,16,86,115,246
371,19,74,123,281
389,22,89,154,347
406,11,72,112,248
354,15,66,80,204
481,21,28,31,57
401,4,75,99,174
867,26,45,48,70
997,47,147,180,273
867,38,141,154,265
296,11,54,79,212
461,18,57,69,102
822,25,95,158,341
121173,2042,3701,4462,6511
349,3,16,23,35
555,16,80,125,241
288,13,45,93,186
577,31,85,129,262
379,45,106,190,470
754,17,48,47,70
337,6,47,44,151
431,13,62,102,172
103,0,5,18,31
242,6,45,48,105
482,27,93,136,258
303,18,25,42,88
1437,35,141,173,467
184,6,43,70,184
207,13,35,57,157
532,43,273,415,1049
479,19,129,335,925
297,11,111,119,284
620,18,53,87,178
375,9,36,44,128
1471,112,455,729,1681
469,26,123,161,439
720,24,45,76,163
430,33,61,86,236
344,10,32,55,127
346,23,39,98,211
248,27,65,115,231
568,18,75,141,247
431,20,91,136,361
277,23,45,74,179
264,11,38,55,113
284,4,38,49,87
519,27,59,129,298
761,35,219,356,797
558,11,82,112,251
422,26,76,109,239
396,18,58,72,198
221,10,79,155,404
450,21,45,94,178
416,10,32,57,126
105863,3647,8474,8593,12133
375,106,164,241,694
421,37,154,282,659
1006,43,169,207,485
381,20,95,150,346
437,16,53,78,152
358,7,32,65,124
215,2,20,27,58
583,34,108,126,249
402,17,62,91,170
396,24,27,49,75
484,22,63,127,206
314,6,24,38,125
426,19,46,85,202
674,41,209,320,838
426,11,43,68,131
887,39,91,41,88
413,19,76,148,404
1006,55,94,129,198
661,144,384,701,2123
950,62,187,236,344
229,13,61,65,135
54,2,10,33,85
995,46,188,318,553
340,10,50,55,128
461,19,42,64,123
349,9,62,91,176
287,9,54,83,127
229,6,42,95,184
1010,55,252,679,2556
248,8,12,32,33
434,1,13,28,90
454,12,62,67,142
273,12,50,58,177
880,38,110,110,251
304,13,39,72,156
1090,56,175,219,437
279,3,12,9,14
422,22,68,84,188
1410,73,347,683,1731
121927,2568,5059,6067,8459
81,1,37,54,99
871,38,112,200,411
400,19,100,188,528
64,2,1,0,9
621,38,144,175,391
254,12,23,21,38
716,35,97,149,275
351,2,24,29,74
154,5,16,32,100
307,18,56,84,270
260,10,34,34,67
324,6,7,2,0
198,9,29,61,115
344,12,21,54,132
459,22,63,126,214
252,7,27,68,146
552,8,40,43,53
278,13,25,58,78
87,0,5,2,5
86,15,36,111,207
507,25,158,257,616
311,24,70,110,265
273,22,63,97,239
255,12,49,92,207
1093,47,90,76,76
458,7,49,92,187
300,3,49,49,132
466,14,59,98,224
821,14,45,101,198
511,22,78,86,209
262,8,46,37,149
438,22,63,115,226
260,13,69,74,189
419,34,95,112,307
215,8,14,59,111
365,10,44,54,124
1680,80,242,354,737
366,12,60,51,115
1161,52,176,236,327
533,13,37,55,103
156,0,0,1,1
460,31,196,402,948
304,14,67,95,188
474,18,65,121,249
404,23,63,100,227
462,25,58,84,136
821,20,60,48,77
128585,4354,8062,8223,10992
78707,1908,4016,4389,6586
338,3,21,21,64
183,2,49,86,194
389,19,119,216,492
551,20,44,38,58
458,18,48,102,165
342,18,71,124,262
296,19,6,7,6
207,8,42,44,165
352,8,33,57,112
421,9,67,139,334
303,8,48,70,145
393,14,74,108,225
545,21,81,79,106
1082,76,97,167,319
661,44,111,198,306
36,1,12,12,40
291,15,17,62,135
163,17,52,101,213
353,20,68,92,218
565,32,154,291,768
405,7,35,57,135
659,27,110,161,308
437,20,72,82,175
410,7,86,90,214
117640,4155,9514,9517,13591
156,0,2,0,1
71,14,69,54,242
498,9,79,145,350
850,17,82,143,343
528,19,94,83,233
382,10,37,48,126
212,18,63,89,213
187,4,4,1,0
293,5,33,64,100
866,38,104,152,234
174,7,39,53,110
612,29,141,252,606
592,27,91,148,283
173,0,0,0,0
213,14,22,42,53
383,4,8,23,58
492,15,28,54,113
470,62,307,548,1627
334,17,97,153,279
447,35,82,182,526
386,16,61,123,220
1014,90,389,555,1243
276,13,37,78,196
429,16,47,49,89
299,11,73,84,204
123780,4874,11160,12110,18278
365,12,29,28,23
676,23,54,118,190
300,29,95,125,245
377,16,74,68,155
716,32,109,162,314
1293,80,224,395,711
228,13,49,63,153
317,1,8,3,4
124023,4532,10025,10048,13462
580,26,132,284,475
534,17,105,138,317
129656,4722,9895,10002,14109
108133,3808,9688,10808,18489
660,38,44,82,95
208,18,51,86,162
273,4,43,67,111
239,6,57,54,140
250,17,41,86,239
210,3,42,62,140
938,63,172,192,288
104,2,18,49,92
416,39,130,150,289
348,12,30,33,52
488,24,83,86,165
374,23,58,110,227
849,34,102,78,91
577,49,106,157,391
751,23,56,56,64
178,9,13,16,23
698,23,27,50,98
404,8,47,74,128
72,1,19,38,87
248,2,33,40,81
79,0,3,3,5
282,9,29,42,117
357,16,39,48,105
509,15,44,70,135
1066,75,174,218,316
98,2,4,0,1
637,37,125,182,500
245,12,36,58,210
201,6,50,49,118
258,8,9,74,96
350,16,33,44,108
359,11,54,78,138
391,11,46,97,164
876,42,57,104,149
442,15,28,56,103
183,12,17,22,12
552,39,124,261,582
261,4,14,39,90
664,20,26,26,20
262,19,40,37,101
535,12,31,51,63
268,16,41,82,145
272,22,50,76,130
429,15,114,175,422
251,13,50,84,215
1836,77,343,492,1073
214,4,41,42,134
198,8,56,65,159
694,119,261,413,1072
323,13,36,63,101
1142,19,131,209,476
178,5,0,2,5
582,19,77,113,180
461,32,86,130,296
505,17,80,105,261
420,5,22,48,112
295,7,8,27,60
353,6,2,4,0
247,18,40,39,159
114780,2834,5312,6097,8795
623,9,29,76,180
651,40,215,317,1062
258,23,49,59,116
468,12,37,26,14
567,87,211,290,707
267,18,63,103,208
231,6,29,49,93
54,8,12,16,24
195,7,18,24,42
664,20,19,8,11
204,15,31,12,18
562,36,131,204,507
406,30,96,150,385
759,33,185,206,427
504,28,109,168,498
391,35,189,356,789
305,14,65,108,240
299,6,46,51,158
249,21,88,103,305
474,28,43,66,71
480,33,100,121,253
291,7,29,54,154
854,58,239,280,571
366,15,18,14,14
268,7,38,88,149
247,10,1,0,0
286,56,205,327,737
213,8,55,106,252
282,12,35,57,111
186,2,14,46,99
344,6,52,72,102
360,15,25,57,112
103510,2114,4022,4766,6792
325,13,56,64,91
824,27,117,168,430
301,13,51,67,167
533,25,92,83,185
271,9,37,60,92
318,10,35,46,89
219,6,28,39,75
257,2,25,41,94
659,33,76,125,282
275,9,37,72,105
1073,37,126,180,386
234,3,2,0,0
307,10,42,35,74
253,15,47,116,302
247,32,101,120,403
513,18,94,151,351
288,25,44,97,165
304,4,55,81,201
310,10,7,10,24
606,25,74,93,171
286,8,24,37,86
268,6,1,1,0
315,4,34,52,115
435,16,37,68,152
373,14,15,46,100
293,22,73,143,342
497,20,71,102,217
275,2,1,7,17
246,2,15,36,83
260,7,36,42,79
452,16,45,58,48
325,7,29,32,125
299,5,18,57,90
208,30,107,229,621
157,8,39,33,91
308,16,56,79,168
276,12,43,65,175
354,13,85,130,309
215,48,68,174,355
485,14,66,82,147
531,21,80,80,186
173,2,13,18,27
751,13,50,32,30
388,2,40,53,144
236,7,10,34,68
377,5,20,40,86
310,6,8,6,6
126,2,11,3,1
727,24,67,125,238
182,15,27,40,78
284,20,66,96,178
221,12,40,55,121
463,15,45,101,246
325,9,58,80,98
414,11,50,81,145
215,22,34,71,155
1225,58,137,235,275
452,15,90,109,189
574,21,38,52,81
412,60,76,162,463
244,13,34,45,106
327,11,53,51,103
579,14,22,24,25
864,61,192,289,450
1029,34,112,239,502
591,38,115,208,577
190,18,57,80,201
405,41,92,203,424
994,74,229,279,509
372,12,53,78,134
214,4,10,3,4
435,8,26,24,81
102341,3191,6719,7084,9789
326,8,37,59,157
66,3,29,55,111
374,9,77,94,313
388,26,105,173,418
343,17,77,144,339
201,10,18,22,52
748,44,146,239,651
386,18,73,121,228
81,5,17,23,47
512,37,128,209,465
169,15,46,61,137
234,6,20,56,115
447,13,7,5,3
983,68,145,169,326
312,30,53,77,172
539,19,28,50,115
682,12,58,103,177
165,3,0,2,1
173,9,51,58,138
290,5,34,41,53
336,14,77,133,255
244,12,20,47,110
268,5,23,48,84
443,30,114,202,424
310,25,83,125,270
496,33,85,127,278
260,18,12,41,82
76,0,18,24,50
213,8,41,58,143
384,11,44,59,105
194,10,45,65,136
341,10,26,44,123
811,69,85,134,328
370,0,18,21,11
349,9,11,9,13
274,9,41,84,174
206,13,26,76,149
416,34,89,166,401
281,10,33,37,93
262,9,56,65,163
471,16,26,23,29
109,6,4,4,4
320,24,120,313,1043
298,5,44,66,126
1245,71,235,269,467
317,12,60,112,265
152,17,44,95,150
660,17,72,57,91
536,19,51,45,70
533,14,81,82,156
245,31,96,224,432
242,8,43,34,84
357,19,59,51,159
461,10,36,70,157
585,19,145,169,435
326,8,39,64,134
182,7,45,67,138
324,11,36,61,155
148,2,1,4,1
373,17,31,64,129
830,18,55,109,249
98,2,11,16,18
66,14,26,71,144
575,27,39,55,91
961,18,58,122,270
317,18,71,93,314
665,24,115,145,300
1260,62,185,240,406
162,24,35,83,185
235,14,49,31,91
381,9,33,21,44
347,12,37,60,102
291,13,67,81,165
285,11,57,65,142
154,4,3,2,0
596,7,23,41,33
536,54,150,284,605
330,14,78,75,105
261,14,80,93,180
532,30,46,53,60
372,11,44,35,59
123,1,0,0,0
323,24,157,262,593
324,14,60,78,178
1152,15,94,148,436
216,5,55,71,135
280,17,44,65,142
439,8,33,41,66
773,20,55,78,174
752,32,154,224,662
331,0,10,3,4
183,3,20,35,68
371,25,27,41,97
305,12,17,7,19
92506,3505,7818,8354,11859
565,22,34,38,40
62,0,6,12,29
244,3,11,2,8
348,17,51,88,160
159,2,4,0,3
162308,3035,2123,623,243
284,9,56,101,280
1059,87,283,349,748
88,2,18,19,41
290,17,77,118,285
286,10,57,85,126
245,0,4,0,3
525,17,35,12,31
174,2,1,0,0
80,4,12,18,30
211,12,34,36,82
349,7,26,46,92
272,18,65,98,209
624,28,114,175,357
263,6,39,60,114
366,7,37,41,132
361,27,44,80,281
177,13,42,58,110
473,16,62,77,142
1340,60,259,262,426
413,16,113,118,260
314,15,41,66,103
108,1,6,3,0
14,0,0,4,15
264,0,39,64,164
323,16,86,157,355
257,6,3,0,4
873,90,133,264,668
323,17,51,78,141
632,25,74,170,446
603,34,134,195,440
148,19,52,82,148
299,15,63,85,193
430,16,45,76,195
258,35,103,159,420
132,3,23,24,53
215,1,9,13,45
76238,1673,3428,3664,5450
118,1,12,0,0
216,3,43,74,157
131,1,17,13,31
469,23,125,236,687
301,14,25,48,94
524,25,102,122,212
315,15,44,31,65
298,6,11,24,47
319,8,20,26,48
304,2,1,0,0
381,14,38,69,129
187,5,26,25,38
526,20,72,74,184
292,6,6,3,2
1082,90,232,216,411
182,1,4,1,0
258,7,23,21,40
678,64,135,202,347
198,23,70,70,166
203,4,9,5,4
243,3,4,7,0
1314,97,247,316,485
260,7,32,41,109
297,4,7,6,9
254,3,10,16,13
187,1,48,81,154
238,0,5,5,6
327,7,6,13,11
242,4,12,4,1
164,0,1,3,1
836,34,97,137,215
355,13,65,107,345
168,4,31,89,166
151,8,3,1,0
163,3,2,1,2
197,14,28,62,97
121,9,9,2,2
132,12,21,17,38
222,3,23,19,38
296,1,22,38,54
362,9,54,84,173
324,11,7,1,2
636,9,10,22,43
200,4,30,32,80
279,9,5,3,0
742,38,76,87,185
8,0,5,2,9
176,8,30,82,151
227,5,20,45,113
165,5,4,7,10
143,5,1,0,0
105,11,80,94,168
208,16,29,61,122
180,1,8,11,40
211,5,3,7,18
336,5,39,47,68
259,10,20,5,0
956,35,81,58,100
287,8,57,68,144
217,16,29,103,236
601,17,135,159,344
156,6,17,17,26
223,9,58,56,170
287,1,1,0,0
190,11,30,5,1
216,7,4,2,1
184,0,2,1,1
158,4,16,23,56
254,5,6,3,0
181,9,28,37,71
0,0,2,2,3
444,17,32,38,59
458,32,57,93,172
1050,55,159,182,319
186,5,9,1,1
271,7,20,29,78
885,60,100,135,162
74801,2863,6741,7556,13057
135,2,9,34,103
142,2,2,0,0
394,15,36,42,64
1250,72,217,265,474
118,1,0,0,0
69,1,10,27,49
170,13,44,59,108
136,6,5,6,3
153,2,20,17,66
259,12,21,8,8
329,15,25,60,87
178,5,15,30,70
52,2,4,5,23
231,9,25,72,177
545,5,22,19,49
122,1,4,6,4
220,5,29,39,82
134,0,2,3,0
18,0,4,18,55
8,0,0,3,10
319,19,29,21,25
124028,2105,1529,376,136
321,21,96,98,242
307,0,9,19,17
157,2,2,1,1
150,8,16,30,56
147,5,32,34,113
107,9,2,3,12
122403,3489,7246,7412,10501
134,2,0,0,0
258,10,43,34,55
234,4,3,3,1
161,2,4,2,11
158,0,0,0,0
198,15,27,37,78
112885,2091,1369,357,132
127454,2015,1463,397,108
72,8,40,53,127
363,19,56,58,98
185,9,36,53,114
188,0,1,2,2
146547,2453,1796,412,159
147,27,45,65,185
207,21,55,76,175
168,2,3,3,3
164,4,1,4,5
133,8,4,3,3
114,4,7,8,4
72,2,10,27,62
231,1,36,56,158
7,0,0,4,7
208,3,27,46,109
257,5,12,0,2
646,18,43,60,67
523,10,64,156,387
132,16,77,86,247
168,6,36,31,59
1215,88,242,320,600
1383,79,226,387,797
141,0,8,4,3
130994,2127,1424,357,106
195,7,10,9,6
157,8,13,5,12
445,7,25,17,37
130592,2087,1405,371,130
42,0,4,9,18
269,8,24,11,11
38,2,0,15,28
149,5,1,2,0
142,11,13,24,16
182,2,3,10,23
237,7,3,6,5
147,3,2,0,2
342,17,65,74,234
169,7,8,7,2
112,3,0,2,1
416,11,8,14,15
862,53,161,211,279
194,2,1,1,4
128,1,5,1,2
170,4,1,0,0
149,0,1,3,0
77,0,1,5,0
99628,1306,958,257,94
162,0,9,3,2
229,7,6,1,0
211,4,2,1,3
138,9,29,35,77
887,49,98,161,299
163,15,48,94,198
185,15,43,53,134
153,2,6,1,6
193,1,3,3,6
188,1,3,1,0
213,6,4,7,3
65,2,7,26,45
115,2,11,11,15
1374,115,263,398,602
119091,1708,1144,338,113
157,4,7,1,1
125,2,14,5,5
150,9,33,60,63
226,1,6,3,0
196,5,24,38,75
161,1,6,8,3
831,28,69,79,150
136,9,0,2,0
109766,2010,1334,358,110
8,1,3,12,38
112395,1671,1179,260,116
134,0,0,0,0
196,4,3,9,6
193,6,36,51,112
314,2,12,3,2
644,18,63,53,164
126,2,3,0,0
132411,2435,1813,493,156
164,6,1,5,2
1020,50,129,227,450
119761,1798,1332,358,124
90695,1639,1184,337,122
124019,1738,1130,333,119
85,0,22,9,43
119939,2005,1424,340,136
113,9,8,3,1
1050,255,332,534,1381
103763,1461,978,302,84
1,0,1,1,3
234,1,4,1,0
158,1,5,1,2
108,4,8,12,35
141,4,16,1,3
218,7,41,81,184
62,0,21,13,50
1071,36,91,134,182
26,0,3,5,12
129,3,15,11,6
212,0,4,12,5
169,5,7,7,2
120112,2290,1555,379,131
117849,1854,1261,313,100
107065,2061,1468,361,101
3,1,0,3,8
104358,1827,1288,294,108
116234,1916,1370,336,126
113894,1637,1139,323,129
193,3,5,6,2
187,2,3,4,1
168,2,1,6,5
123,2,0,0,0
75,9,7,11,19
972,52,113,195,279
122,5,5,1,2
150,2,2,3,2
109,0,1,0,0
128111,1766,1207,307,116
251,23,57,45,93
96,4,6,0,1
35,7,28,54,112
113248,1789,1253,294,116
586,17,45,46,64
142,0,7,2,2
130835,1931,1504,379,157
363,1,13,5,3
114412,1570,1175,304,138
128982,2008,1467,368,130
146,2,9,7,8
212,2,4,4,4
111964,1587,1188,321,114
166,6,3,2,0
139829,2176,1493,388,155
126088,1765,1244,327,147
122,3,4,11,7
112551,1738,1243,323,119
147,1,3,2,3
120579,1754,1204,368,116
438,14,49,62,74
109800,1603,1048,269,89
60,1,9,10,25
156,1,3,0,0
164,0,12,3,4
297,22,77,148,364
89501,1579,1025,235,95
142738,2269,1718,398,140
105950,1605,1068,307,89
182,1,16,0,5
151,4,7,4,1
19,4,11,19,81
144,3,5,1,0
126249,2100,1457,356,132
144,3,2,4,1
189,1,1,2,3
1,1,0,2,4
97,0,2,2,0
140,3,5,4,0
1154,78,230,291,390
880,26,58,66,181
13,1,1,2,7
120,4,10,10,13
150,2,0,2,0
105,4,12,17,27
58,8,12,18,37
111,0,5,0,1
126,2,2,4,4
161,0,6,5,1
124,3,0,2,3
130879,1974,1354,311,131
128,0,5,0,0
126,0,2,0,1
113145,1779,1176,315,112
83,1,10,1,2
145,11,4,3,1
169,5,2,1,3
125,2,5,3,1
118573,1961,1377,358,102
122952,1939,1549,355,139
106329,1398,923,228,83
144,5,11,3,0
154,1,7,1,0
100,3,10,5,1
0,0,0,0,0
112302,1731,1314,404,146
132722,1979,1425,354,123
132165,2089,1411,310,124
14,0,3,2,8
113921,1752,1297,408,175
117844,2109,1518,350,126
127000,2057,1368,336,121
26,2,4,13,25
605,34,66,53,93
876,36,96,162,229
77,0,1,1,5
116762,2096,1279,334,110
69,7,18,12,22
95,0,11,11,1
108782,1598,1045,287,99
844,51,172,234,323
0,0,0,0,0
112,5,8,3,2
84,0,1,0,0
117,6,6,3,2
225,0,0,3,1
120484,1522,1168,305,91
168,3,9,1,0
157,9,11,3,2
95,0,4,5,0
107519,1753,1262,280,116
112,5,5,0,2
117,2,3,5,3
102,2,8,11,6
139,12,10,3,3
18,0,2,9,20
177,2,1,1,3
168,9,9,6,1
81,11,18,31,85
3,0,10,17,36
136,3,2,3,0
133,1,4,1,0
139,2,2,4,2
93,4,12,1,1
104,4,9,1,2
1480,72,231,309,531
72960,1049,784,156,50
85,8,17,29,55
144,0,3,5,11
104697,1479,1025,237,73
6,0,0,1,0
138,2,7,5,2
975,86,395,575,1460
55,4,12,15,30
74,1,0,0,0
994,36,104,192,271
98300,1464,1023,253,87
937,35,158,188,330
33,1,2,5,14
113,2,3,6,7
53,3,1,1,2
137,2,1,3,3
44,0,0,0,0
71,1,12,37,60
120,3,6,0,0
151,7,10,4,1
127,3,6,3,3
62,0,3,0,0
151,3,13,5,10
181,5,3,1,2
131,4,0,1,0
121840,1717,1207,291,107
0,0,1,1,3
48,1,4,5,15
109481,1354,921,260,71
18,4,18,34,89
115,0,3,7,2
144,1,6,2,6
101167,1133,687,191,78
11,1,0,6,18
83,3,3,1,5
1122,83,170,255,417
89650,955,629,174,52
14,0,2,3,25
87,5,7,2,2
37,0,0,4,3
11,0,0,4,16
108,2,8,4,0
1,1,0,0,2
2,0,0,0,0
344,5,23,21,37
103,5,9,2,9
47,0,0,0,3
102,1,2,2,0
114,6,4,0,0
4,0,0,2,12
1045,73,258,353,640
99,0,9,1,0
782,41,109,169,310
95,4,2,0,2
898,58,208,229,331
44,0,3,18,21
634,23,95,60,101
369,6,20,19,34
130,19,69,136,427
1478,74,284,537,935
161,8,21,25,40
102,7,17,26,42
1469,3,9,22,21
1564,56,163,144,189
1218,52,140,121,157
1994,79,181,279,405
367,10,23,7,6
189,9,17,6,7
1027,26,68,66,87
914,31,60,56,87
84262,1024,695,162,64
200577,2572,1849,576,186
645,18,41,18,15
72,3,3,1,0
1560,40,81,145,316
172,2,0,1,1
198,4,0,5,7
142,1,1,3,1
118,0,2,0,4
102,0,0,0,1
4528,198,696,801,1425
139,2,2,1,0
157,1,3,0,1
50,5,17,21,45
1221,62,225,217,347
247,23,14,27,51
811,53,206,259,485
639,31,104,130,251
1179,73,190,282,460
844,51,190,237,368
1122,69,234,368,807
595,20,56,34,61
579,37,62,91,183
42,0,7,38,103
487,15,50,58,87
104681,3501,7513,7849,11401
111867,4766,10681,11365,15846
292,28,85,108,237
280,15,52,86,209
348,16,15,62,100
299,15,77,67,192
291,13,64,75,146
481,27,81,138,311
269,11,21,48,150
286,11,58,135,246
452,23,92,219,545
324,18,77,142,284
710,26,166,442,1759
1431,42,264,574,1509
897,52,179,270,583
351,22,79,90,177
781,49,179,270,648
983,19,67,101,170
900,41,136,193,388
1207,50,344,541,1262
815,17,66,103,234
327,19,71,81,163
397,18,65,69,145
847,71,266,386,804
1558,139,555,918,2143
789,57,167,177,274
655,24,94,124,222
12,1,1,1,5
1636,200,780,1138,2964
801,32,119,178,520
128,5,5,5,13
1421,133,491,734,1705
478,31,109,138,373
1180,43,257,430,981
153,5,9,7,4
